"Fecha","Último","Apertura","Máximo","Mínimo","Vol.","% var."
"30.04.2019","36.000,0","36.000,0","36.220,0","35.820,0","442,84K","0,00%"
"29.04.2019","36.000,0","36.400,0","36.400,0","36.000,0","194,60K","-1,10%"
"26.04.2019","36.400,0","36.380,0","36.460,0","36.160,0","144,81K","0,00%"
"25.04.2019","36.400,0","36.300,0","36.480,0","36.300,0","274,19K","0,28%"
"24.04.2019","36.300,0","36.000,0","36.300,0","36.000,0","286,88K","0,83%"
"23.04.2019","36.000,0","35.780,0","36.300,0","35.780,0","101,07K","0,61%"
"22.04.2019","35.780,0","34.840,0","35.780,0","34.500,0","219,82K","1,30%"
"17.04.2019","35.320,0","34.600,0","35.360,0","34.600,0","72,03K","1,32%"
"16.04.2019","34.860,0","35.000,0","35.000,0","34.400,0","377,90K","-0,46%"
"15.04.2019","35.020,0","35.940,0","35.940,0","35.020,0","168,09K","-2,51%"
"12.04.2019","35.920,0","36.500,0","36.720,0","35.920,0","49,75K","-0,83%"
"11.04.2019","36.220,0","36.580,0","36.780,0","36.220,0","208,69K","-1,42%"
"10.04.2019","36.740,0","36.460,0","36.780,0","36.460,0","180,19K","0,55%"
"09.04.2019","36.540,0","36.520,0","36.600,0","36.220,0","299,02K","0,05%"
"08.04.2019","36.520,0","36.360,0","36.520,0","36.140,0","98,14K","0,88%"
"05.04.2019","36.200,0","35.940,0","36.400,0","35.940,0","340,21K","1,00%"
"04.04.2019","35.840,0","35.900,0","36.080,0","35.840,0","73,38K","0,11%"
"03.04.2019","35.800,0","36.180,0","36.260,0","35.800,0","161,17K","0,00%"
"02.04.2019","35.800,0","36.200,0","36.300,0","35.800,0","94,28K","-1,05%"
"01.04.2019","36.180,0","36.640,0","36.700,0","36.180,0","198,86K","-1,26%"
"29.03.2019","36.640,0","36.500,0","36.640,0","35.840,0","442,33K","1,78%"
"28.03.2019","36.000,0","35.560,0","36.000,0","35.020,0","222,99K","1,35%"
"27.03.2019","35.520,0","36.280,0","36.280,0","35.500,0","226,04K","-2,15%"
"26.03.2019","36.300,0","36.780,0","36.820,0","36.300,0","181,18K","-0,55%"
"22.03.2019","36.500,0","36.400,0","36.900,0","35.940,0","287,62K","-1,78%"
"21.03.2019","37.160,0","36.900,0","37.500,0","36.900,0","506,95K","0,70%"
"20.03.2019","36.900,0","36.600,0","36.900,0","36.300,0","501,67K","0,54%"
"19.03.2019","36.700,0","36.760,0","36.900,0","36.540,0","586,15K","-0,16%"
"18.03.2019","36.760,0","36.660,0","36.940,0","36.560,0","591,10K","0,71%"
"15.03.2019","36.500,0","35.960,0","36.520,0","35.960,0","1,61M","1,67%"
"14.03.2019","35.900,0","35.480,0","35.900,0","35.480,0","549,70K","1,41%"
"13.03.2019","35.400,0","35.100,0","35.460,0","35.000,0","1,10M","1,14%"
"12.03.2019","35.000,0","35.300,0","35.300,0","34.840,0","134,92K","0,46%"
"11.03.2019","34.840,0","34.720,0","34.980,0","34.480,0","403,97K","1,28%"
"08.03.2019","34.400,0","34.560,0","34.580,0","34.180,0","222,84K","-1,43%"
"07.03.2019","34.900,0","34.960,0","34.980,0","34.580,0","134,77K","-0,46%"
"06.03.2019","35.060,0","34.820,0","35.300,0","34.800,0","427,48K","1,10%"
"05.03.2019","34.680,0","34.900,0","34.900,0","34.580,0","68,16K","-0,40%"
"04.03.2019","34.820,0","34.940,0","34.940,0","34.740,0","37,31K","-0,34%"
"01.03.2019","34.940,0","34.800,0","35.400,0","34.780,0","127,05K","-0,17%"
"28.02.2019","35.000,0","34.980,0","35.400,0","34.900,0","435,24K","-0,23%"
"27.02.2019","35.080,0","35.860,0","35.880,0","34.960,0","459,54K","-2,01%"
"26.02.2019","35.800,0","35.880,0","35.980,0","35.780,0","204,86K","-0,22%"
"25.02.2019","35.880,0","35.500,0","35.880,0","35.500,0","292,66K","1,64%"
"22.02.2019","35.300,0","34.820,0","35.640,0","34.820,0","251,06K","1,73%"
"21.02.2019","34.700,0","34.580,0","34.700,0","34.320,0","199,91K","0,58%"
"20.02.2019","34.500,0","34.980,0","35.100,0","34.500,0","391,13K","-1,37%"
"19.02.2019","34.980,0","34.860,0","34.980,0","34.520,0","233,66K","0,00%"
"18.02.2019","34.980,0","35.000,0","35.000,0","34.860,0","97,97K","-0,06%"
"15.02.2019","35.000,0","34.900,0","35.080,0","34.680,0","316,12K","0,29%"
"14.02.2019","34.900,0","34.980,0","35.000,0","34.700,0","120,28K","-0,23%"
"13.02.2019","34.980,0","35.300,0","35.560,0","34.900,0","253,40K","-0,68%"
"12.02.2019","35.220,0","34.900,0","35.360,0","34.900,0","192,42K","1,21%"
"11.02.2019","34.800,0","34.860,0","34.960,0","34.600,0","106,62K","-0,17%"
"08.02.2019","34.860,0","35.120,0","35.240,0","34.800,0","117,95K","-1,02%"
"07.02.2019","35.220,0","35.960,0","35.960,0","35.220,0","201,69K","-2,17%"
"06.02.2019","36.000,0","36.000,0","36.300,0","35.620,0","277,61K","0,00%"
"05.02.2019","36.000,0","35.820,0","36.000,0","35.620,0","296,30K","1,35%"
"04.02.2019","35.520,0","34.800,0","35.520,0","34.800,0","367,50K","2,60%"
"01.02.2019","34.620,0","34.500,0","34.660,0","34.480,0","140,65K","0,41%"
"31.01.2019","34.480,0","34.540,0","34.680,0","34.400,0","1,38M","1,06%"
"30.01.2019","34.120,0","34.500,0","34.800,0","34.120,0","352,22K","-1,10%"
"29.01.2019","34.500,0","34.300,0","34.500,0","34.220,0","206,86K","0,58%"
"28.01.2019","34.300,0","34.000,0","34.300,0","33.760,0","503,99K","1,18%"
"25.01.2019","33.900,0","33.640,0","33.960,0","33.620,0","465,05K","1,25%"
"24.01.2019","33.480,0","33.400,0","33.700,0","33.300,0","376,06K","0,24%"
"23.01.2019","33.400,0","32.700,0","33.460,0","32.700,0","290,58K","1,64%"
"22.01.2019","32.860,0","32.740,0","32.860,0","32.620,0","409,43K","0,37%"
"21.01.2019","32.740,0","32.620,0","32.760,0","32.620,0","131,64K","0,49%"
"18.01.2019","32.580,0","32.620,0","32.760,0","32.560,0","323,85K","-0,31%"
"17.01.2019","32.680,0","32.680,0","32.700,0","32.660,0","178,66K","0,00%"
"16.01.2019","32.680,0","32.500,0","32.760,0","32.500,0","408,59K","0,55%"
"15.01.2019","32.500,0","32.700,0","32.700,0","32.320,0","243,24K","-0,61%"
"14.01.2019","32.700,0","32.280,0","32.700,0","32.200,0","2,17M","1,30%"
"11.01.2019","32.280,0","32.260,0","32.280,0","32.140,0","645,78K","0,06%"
"10.01.2019","32.260,0","32.300,0","32.300,0","32.180,0","538,05K","-0,06%"
"09.01.2019","32.280,0","32.600,0","32.600,0","32.240,0","675,84K","-0,06%"
"08.01.2019","32.300,0","32.220,0","32.420,0","32.220,0","513,09K","0,62%"
"04.01.2019","32.100,0","32.280,0","32.300,0","32.060,0","251,93K","-0,25%"
"03.01.2019","32.180,0","32.300,0","32.300,0","31.860,0","406,09K","-0,37%"
"02.01.2019","32.300,0","31.920,0","32.300,0","31.840,0","23,09K","0,56%"
"28.12.2018","32.120,0","32.200,0","32.640,0","32.000,0","119,14K","-0,19%"
"27.12.2018","32.180,0","32.880,0","32.880,0","31.960,0","307,26K","0,56%"
"26.12.2018","32.000,0","32.040,0","32.500,0","31.800,0","56,28K","-0,87%"
"24.12.2018","32.280,0","31.660,0","32.300,0","31.640,0","114,75K","2,02%"
"21.12.2018","31.640,0","31.980,0","31.980,0","31.600,0","962,60K","-0,50%"
"20.12.2018","31.800,0","32.120,0","32.260,0","31.800,0","627,64K","-1,18%"
"19.12.2018","32.180,0","32.180,0","32.240,0","32.100,0","484,22K","0,00%"
"18.12.2018","32.180,0","32.200,0","32.260,0","32.040,0","126,35K","-0,06%"
"17.12.2018","32.200,0","32.280,0","32.280,0","32.140,0","124,19K","-0,43%"
"14.12.2018","32.340,0","32.600,0","32.600,0","32.300,0","466,68K","-1,64%"
"13.12.2018","32.880,0","33.400,0","33.400,0","32.600,0","256,78K","-0,96%"
"12.12.2018","33.200,0","32.640,0","33.200,0","32.340,0","314,71K","1,72%"
"11.12.2018","32.640,0","32.740,0","32.740,0","32.460,0","496,58K","0,06%"
"10.12.2018","32.620,0","32.760,0","32.760,0","32.600,0","35,36K","-0,49%"
"07.12.2018","32.780,0","32.880,0","32.880,0","32.600,0","90,02K","0,43%"
"06.12.2018","32.640,0","32.720,0","32.720,0","32.060,0","327,93K","-0,67%"
"05.12.2018","32.860,0","32.800,0","32.860,0","32.720,0","196,23K","0,12%"
"04.12.2018","32.820,0","32.660,0","32.900,0","32.580,0","450,25K","0,49%"
"03.12.2018","32.660,0","32.500,0","32.980,0","32.500,0","1,04M","1,11%"
"30.11.2018","32.300,0","32.300,0","32.640,0","32.300,0","770,88K","0,00%"
"29.11.2018","32.300,0","32.140,0","32.360,0","32.140,0","163,30K","0,50%"
"28.11.2018","32.140,0","31.800,0","32.360,0","31.800,0","282,90K","1,32%"
"27.11.2018","31.720,0","32.680,0","32.680,0","31.700,0","432,67K","-2,40%"
"26.11.2018","32.500,0","32.880,0","32.880,0","32.360,0","370,68K","0,25%"
"23.11.2018","32.420,0","32.200,0","32.760,0","32.200,0","119,97K","-0,25%"
"22.11.2018","32.500,0","32.360,0","32.880,0","32.140,0","34,20K","0,18%"
"21.11.2018","32.440,0","32.280,0","32.460,0","31.840,0","540,58K","0,50%"
"20.11.2018","32.280,0","32.960,0","32.960,0","32.280,0","175,99K","-2,18%"
"19.11.2018","33.000,0","33.180,0","33.200,0","32.960,0","76,99K","0,61%"
"16.11.2018","32.800,0","32.500,0","33.600,0","32.500,0","379,04K","1,11%"
"15.11.2018","32.440,0","31.700,0","32.440,0","31.700,0","493,96K","2,66%"
"14.11.2018","31.600,0","31.700,0","31.700,0","31.400,0","114,58K","0,64%"
"13.11.2018","31.400,0","31.560,0","31.560,0","31.360,0","54,39K","-0,51%"
"09.11.2018","31.560,0","31.560,0","31.960,0","31.380,0","414,04K","-0,13%"
"08.11.2018","31.600,0","31.600,0","31.780,0","31.580,0","704,23K","0,00%"
"07.11.2018","31.600,0","31.680,0","31.860,0","31.580,0","710,95K","0,96%"
"06.11.2018","31.300,0","31.500,0","31.500,0","30.900,0","388,21K","0,32%"
"02.11.2018","31.200,0","31.640,0","31.640,0","30.800,0","459,75K","0,65%"
"01.11.2018","31.000,0","32.200,0","32.200,0","31.000,0","293,08K","-1,27%"
"31.10.2018","31.400,0","31.980,0","32.000,0","31.180,0","986,31K","-0,25%"
"30.10.2018","31.480,0","31.960,0","32.000,0","31.260,0","608,67K","-1,63%"
"29.10.2018","32.000,0","31.760,0","32.440,0","31.660,0","179,17K","0,76%"
"26.10.2018","31.760,0","32.000,0","32.000,0","31.240,0","495,56K","-0,13%"
"25.10.2018","31.800,0","32.440,0","32.460,0","31.800,0","17,70M","-2,03%"
"24.10.2018","32.460,0","32.900,0","32.900,0","32.460,0","128,40K","-2,23%"
"23.10.2018","33.200,0","32.900,0","33.200,0","32.420,0","271,89K","0,91%"
"22.10.2018","32.900,0","33.040,0","33.060,0","32.900,0","92,44K","-0,36%"
"19.10.2018","33.020,0","33.200,0","33.460,0","33.020,0","83,76K","-0,54%"
"18.10.2018","33.200,0","34.020,0","34.020,0","33.200,0","119,28K","-2,41%"
"17.10.2018","34.020,0","33.900,0","34.300,0","33.880,0","74,87K","0,35%"
"16.10.2018","33.900,0","33.020,0","33.900,0","33.020,0","84,67K","2,60%"
"12.10.2018","33.040,0","33.360,0","33.560,0","33.040,0","64,36K","-0,96%"
"11.10.2018","33.360,0","33.700,0","33.700,0","33.180,0","333,48K","-1,01%"
"10.10.2018","33.700,0","33.300,0","33.700,0","33.120,0","233,23K","0,00%"
"09.10.2018","33.700,0","33.100,0","33.700,0","32.500,0","209,52K","1,81%"
"08.10.2018","33.100,0","33.460,0","33.560,0","33.100,0","84,21K","-0,72%"
"05.10.2018","33.340,0","34.080,0","34.180,0","33.200,0","179,80K","-2,46%"
"04.10.2018","34.180,0","34.400,0","34.400,0","34.000,0","71,96K","-0,35%"
"03.10.2018","34.300,0","34.320,0","34.860,0","34.240,0","116,17K","-0,46%"
"02.10.2018","34.460,0","34.500,0","34.500,0","34.100,0","77,75K","-0,12%"
"01.10.2018","34.500,0","34.340,0","34.600,0","34.120,0","172,97K","-0,75%"
"28.09.2018","34.760,0","33.860,0","34.760,0","33.860,0","264,37K","2,66%"
"27.09.2018","33.860,0","33.480,0","34.000,0","33.420,0","111,66K","1,14%"
"26.09.2018","33.480,0","34.100,0","34.100,0","33.340,0","169,70K","0,84%"
"25.09.2018","33.200,0","33.620,0","33.880,0","33.020,0","126,26K","-0,90%"
"24.09.2018","33.500,0","33.580,0","34.000,0","33.500,0","68,92K","-0,24%"
"21.09.2018","33.580,0","33.500,0","34.080,0","33.500,0","731,40K","0,24%"
"20.09.2018","33.500,0","34.700,0","34.700,0","33.500,0","379,36K","-3,18%"
"19.09.2018","34.600,0","34.500,0","35.000,0","34.500,0","80,86K","0,00%"
"18.09.2018","34.600,0","34.680,0","34.760,0","34.400,0","22,40K","-0,29%"
"17.09.2018","34.700,0","34.200,0","34.700,0","34.100,0","56,69K","1,40%"
"14.09.2018","34.220,0","34.500,0","35.000,0","34.060,0","161,72K","-1,10%"
"13.09.2018","34.600,0","34.840,0","34.840,0","34.480,0","202,97K","0,58%"
"12.09.2018","34.400,0","33.940,0","34.760,0","33.940,0","389,81K","1,47%"
"11.09.2018","33.900,0","33.280,0","34.120,0","33.280,0","126,39K","1,86%"
"10.09.2018","33.280,0","33.500,0","33.500,0","33.000,0","189,70K","-0,42%"
"07.09.2018","33.420,0","33.080,0","33.980,0","33.060,0","220,12K","0,18%"
"06.09.2018","33.360,0","34.100,0","34.500,0","33.000,0","322,37K","-2,00%"
"05.09.2018","34.040,0","35.140,0","35.140,0","34.000,0","407,86K","-3,13%"
"04.09.2018","35.140,0","35.900,0","35.900,0","35.140,0","352,12K","-2,12%"
"03.09.2018","35.900,0","36.100,0","36.100,0","35.900,0","6,97K","-0,28%"
"31.08.2018","36.000,0","36.000,0","36.060,0","35.800,0","213,93K","0,00%"
"30.08.2018","36.000,0","36.020,0","36.240,0","35.900,0","313,60K","-0,06%"
"29.08.2018","36.020,0","36.960,0","36.960,0","36.000,0","1,96M","-2,65%"
"28.08.2018","37.000,0","37.000,0","37.000,0","36.860,0","114,73K","0,82%"
"27.08.2018","36.700,0","36.640,0","37.000,0","36.540,0","495,43K","-0,97%"
"24.08.2018","37.060,0","36.780,0","37.200,0","36.720,0","76,55K","0,16%"
"23.08.2018","37.000,0","36.900,0","37.000,0","36.700,0","43,08K","0,27%"
"22.08.2018","36.900,0","36.500,0","36.920,0","36.500,0","155,54K","0,82%"
"21.08.2018","36.600,0","36.400,0","36.600,0","36.400,0","101,23K","0,55%"
"17.08.2018","36.400,0","36.600,0","36.880,0","36.200,0","868,87K","-0,60%"
"16.08.2018","36.620,0","36.500,0","37.180,0","36.500,0","151,23K","0,33%"
"15.08.2018","36.500,0","36.760,0","36.920,0","36.500,0","77,47K","-0,71%"
"14.08.2018","36.760,0","36.520,0","37.000,0","36.520,0","33,31K","0,66%"
"13.08.2018","36.520,0","37.000,0","37.000,0","36.520,0","43,31K","-1,30%"
"10.08.2018","37.000,0","37.100,0","37.100,0","37.000,0","67,98K","-0,27%"
"09.08.2018","37.100,0","36.440,0","37.100,0","36.240,0","82,37K","1,64%"
"08.08.2018","36.500,0","36.240,0","36.500,0","36.000,0","61,39K","1,11%"
"06.08.2018","36.100,0","36.180,0","36.300,0","36.100,0","59,38K","-0,55%"
"03.08.2018","36.300,0","36.000,0","36.500,0","36.000,0","104,61K","1,06%"
"02.08.2018","35.920,0","36.180,0","36.220,0","35.860,0","183,50K","-0,72%"
"01.08.2018","36.180,0","36.320,0","36.320,0","36.000,0","161,18K","0,22%"
"31.07.2018","36.100,0","37.120,0","37.420,0","36.100,0","910,34K","-2,75%"
"30.07.2018","37.120,0","36.440,0","37.120,0","36.440,0","93,99K","1,92%"
"27.07.2018","36.420,0","36.380,0","36.480,0","36.340,0","85,44K","0,72%"
"26.07.2018","36.160,0","36.080,0","36.500,0","36.000,0","385,86K","0,22%"
"25.07.2018","36.080,0","36.820,0","36.980,0","35.380,0","2,91M","-1,96%"
"24.07.2018","36.800,0","36.820,0","37.000,0","36.800,0","106,38K","-0,22%"
"23.07.2018","36.880,0","37.200,0","37.220,0","36.880,0","94,99K","-1,07%"
"19.07.2018","37.280,0","37.300,0","37.340,0","37.140,0","84,40K","-0,05%"
"18.07.2018","37.300,0","37.380,0","37.460,0","37.300,0","80,19K","-0,21%"
"17.07.2018","37.380,0","37.120,0","37.480,0","37.000,0","236,71K","0,92%"
"16.07.2018","37.040,0","36.900,0","37.080,0","36.900,0","44,24K","0,38%"
"13.07.2018","36.900,0","36.840,0","37.080,0","36.840,0","57,63K","0,11%"
"12.07.2018","36.860,0","36.880,0","37.000,0","36.820,0","155,83K","-0,05%"
"11.07.2018","36.880,0","36.900,0","36.920,0","36.680,0","159,52K","0,00%"
"10.07.2018","36.880,0","37.000,0","37.020,0","36.760,0","302,62K","0,33%"
"09.07.2018","36.760,0","37.300,0","37.300,0","36.720,0","154,14K","-1,45%"
"06.07.2018","37.300,0","37.680,0","37.700,0","37.300,0","184,24K","-1,01%"
"05.07.2018","37.680,0","37.700,0","37.700,0","37.580,0","316,38K","0,11%"
"04.07.2018","37.640,0","37.680,0","37.700,0","37.360,0","20,77K","0,75%"
"03.07.2018","37.360,0","37.720,0","37.980,0","37.300,0","442,76K","-0,64%"
"29.06.2018","37.600,0","36.900,0","37.780,0","36.900,0","216,20K","2,06%"
"28.06.2018","36.840,0","37.000,0","37.000,0","36.580,0","213,29K","0,66%"
"27.06.2018","36.600,0","36.740,0","37.200,0","36.600,0","125,41K","0,16%"
"26.06.2018","36.540,0","36.260,0","36.580,0","36.000,0","222,15K","0,72%"
"25.06.2018","36.280,0","36.680,0","36.680,0","36.280,0","102,42K","-0,60%"
"22.06.2018","36.500,0","36.600,0","36.780,0","36.300,0","556,17K","-0,27%"
"21.06.2018","36.600,0","36.840,0","37.240,0","36.600,0","204,61K","-0,38%"
"20.06.2018","36.740,0","36.820,0","37.280,0","36.720,0","144,11K","0,00%"
"19.06.2018","36.740,0","37.320,0","37.320,0","36.700,0","399,37K","-1,66%"
"18.06.2018","37.360,0","37.380,0","37.780,0","37.300,0","312,06K","-0,05%"
"15.06.2018","37.380,0","37.140,0","37.380,0","36.740,0","596,22K","0,70%"
"14.06.2018","37.120,0","37.200,0","37.440,0","37.120,0","154,93K","-0,22%"
"13.06.2018","37.200,0","37.180,0","37.620,0","37.100,0","196,54K","0,43%"
"12.06.2018","37.040,0","37.040,0","37.360,0","36.860,0","208,64K","-0,43%"
"08.06.2018","37.200,0","37.280,0","37.380,0","37.000,0","162,57K","-0,53%"
"07.06.2018","37.400,0","37.380,0","37.740,0","37.380,0","201,97K","-0,32%"
"06.06.2018","37.520,0","37.800,0","37.960,0","37.460,0","525,17K","-0,27%"
"05.06.2018","37.620,0","37.580,0","37.880,0","37.560,0","268,32K","0,11%"
"01.06.2018","37.580,0","37.160,0","37.720,0","37.160,0","58,35K","1,24%"
"31.05.2018","37.120,0","37.180,0","37.200,0","36.880,0","1,40M","-0,16%"
"30.05.2018","37.180,0","36.780,0","37.500,0","36.760,0","1,16M","1,03%"
"29.05.2018","36.800,0","36.660,0","37.120,0","36.660,0","299,11K","0,38%"
"28.05.2018","36.660,0","37.020,0","37.020,0","36.500,0","166,34K","-0,97%"
"25.05.2018","37.020,0","37.180,0","37.500,0","37.020,0","114,08K","0,05%"
"24.05.2018","37.000,0","37.060,0","37.260,0","36.800,0","346,89K","-0,16%"
"23.05.2018","37.060,0","37.040,0","37.460,0","37.020,0","318,76K","0,05%"
"22.05.2018","37.040,0","36.700,0","37.260,0","36.700,0","202,91K","0,93%"
"21.05.2018","36.700,0","37.200,0","37.200,0","36.700,0","108,41K","-1,34%"
"18.05.2018","37.200,0","37.040,0","37.400,0","37.000,0","147,38K","0,43%"
"17.05.2018","37.040,0","37.500,0","37.560,0","37.000,0","241,89K","-1,96%"
"16.05.2018","37.780,0","37.640,0","37.900,0","37.640,0","52,33K","-0,58%"
"15.05.2018","38.000,0","37.600,0","38.000,0","37.500,0","333,82K","0,80%"
"11.05.2018","37.700,0","37.760,0","37.880,0","37.700,0","26,91K","-0,16%"
"10.05.2018","37.760,0","37.920,0","37.920,0","37.700,0","114,55K","-0,47%"
"09.05.2018","37.940,0","37.600,0","38.280,0","37.600,0","1,48M","0,90%"
"08.05.2018","37.600,0","37.900,0","37.900,0","37.500,0","147,70K","-0,79%"
"07.05.2018","37.900,0","37.820,0","38.000,0","37.740,0","43,40K","0,26%"
"04.05.2018","37.800,0","37.860,0","38.100,0","37.800,0","276,99K","-0,05%"
"03.05.2018","37.820,0","38.340,0","38.540,0","37.820,0","468,48K","-1,36%"
"02.05.2018","38.340,0","38.880,0","38.880,0","38.340,0","254,14K","-1,64%"
"30.04.2018","38.980,0","38.980,0","38.980,0","38.800,0","245,92K","0,00%"
"27.04.2018","38.980,0","38.760,0","38.980,0","38.700,0","274,88K","0,57%"
"26.04.2018","38.760,0","38.680,0","38.900,0","38.360,0","133,56K","0,21%"
"25.04.2018","38.680,0","38.660,0","38.680,0","38.500,0","378,64K","-0,10%"
"24.04.2018","38.720,0","38.880,0","38.880,0","38.620,0","774,32K","0,10%"
"23.04.2018","38.680,0","38.500,0","38.700,0","38.400,0","217,79K","0,73%"
"20.04.2018","38.400,0","38.220,0","38.560,0","38.220,0","253,53K","0,10%"
"19.04.2018","38.360,0","38.320,0","38.440,0","38.200,0","721,88K","0,05%"
"18.04.2018","38.340,0","38.100,0","38.340,0","38.080,0","515,71K","0,63%"
"17.04.2018","38.100,0","38.100,0","38.180,0","38.040,0","345,45K","0,26%"
"16.04.2018","38.000,0","38.020,0","38.040,0","37.980,0","100,40K","0,00%"
"13.04.2018","38.000,0","38.000,0","38.060,0","38.000,0","508,17K","0,00%"
"12.04.2018","38.000,0","37.960,0","38.000,0","37.820,0","256,82K","0,00%"
"11.04.2018","38.000,0","37.980,0","38.100,0","37.900,0","3,98M","0,05%"
"10.04.2018","37.980,0","38.020,0","38.020,0","37.880,0","740,90K","-0,05%"
"09.04.2018","38.000,0","38.000,0","38.080,0","37.960,0","701,78K","0,00%"
"06.04.2018","38.000,0","38.040,0","38.060,0","37.920,0","406,50K","-0,11%"
"05.04.2018","38.040,0","37.980,0","38.180,0","37.720,0","785,84K","0,58%"
"04.04.2018","37.820,0","38.000,0","38.200,0","37.800,0","199,46K","-1,77%"
"03.04.2018","38.500,0","37.600,0","38.500,0","37.600,0","86,01K","2,28%"
"02.04.2018","37.640,0","37.280,0","37.900,0","36.980,0","101,37K","0,97%"
"28.03.2018","37.280,0","36.500,0","37.300,0","36.500,0","82,25K","1,91%"
"27.03.2018","36.580,0","37.100,0","38.660,0","36.580,0","114,58K","-1,19%"
"26.03.2018","37.020,0","37.660,0","37.660,0","37.000,0","88,09K","-1,70%"
"23.03.2018","37.660,0","37.700,0","37.800,0","37.420,0","48,15K","0,32%"
"22.03.2018","37.540,0","37.440,0","37.760,0","37.400,0","293,58K","-0,48%"
"21.03.2018","37.720,0","37.420,0","38.080,0","37.400,0","99,80K","0,59%"
"20.03.2018","37.500,0","37.400,0","38.000,0","37.400,0","107,60K","-1,32%"
"16.03.2018","38.000,0","37.220,0","38.000,0","37.220,0","572,21K","1,33%"
"15.03.2018","37.500,0","37.700,0","37.960,0","37.220,0","87,89K","-0,79%"
"14.03.2018","37.800,0","38.000,0","38.000,0","37.740,0","57,76K","-0,53%"
"13.03.2018","38.000,0","38.580,0","38.580,0","37.540,0","277,36K","-1,91%"
"12.03.2018","38.740,0","38.560,0","38.740,0","38.500,0","149,66K","0,62%"
"09.03.2018","38.500,0","38.660,0","39.000,0","38.500,0","102,85K","-0,41%"
"08.03.2018","38.660,0","38.620,0","38.660,0","38.440,0","38,27K","0,10%"
"07.03.2018","38.620,0","39.000,0","39.000,0","38.360,0","107,28K","-0,97%"
"06.03.2018","39.000,0","38.120,0","39.400,0","38.120,0","91,98K","1,30%"
"05.03.2018","38.500,0","38.100,0","38.500,0","38.000,0","43,48K","1,05%"
"02.03.2018","38.100,0","38.320,0","38.320,0","38.100,0","77,64K","-0,57%"
"01.03.2018","38.320,0","38.440,0","38.620,0","38.200,0","134,94K","-0,26%"
"28.02.2018","38.420,0","39.200,0","39.200,0","38.420,0","350,60K","-1,99%"
"27.02.2018","39.200,0","39.500,0","39.500,0","39.000,0","164,45K","-0,76%"
"26.02.2018","39.500,0","39.000,0","39.560,0","39.000,0","50,06K","0,05%"
"23.02.2018","39.480,0","39.500,0","39.500,0","39.220,0","72,72K","-0,05%"
"22.02.2018","39.500,0","40.000,0","40.500,0","39.320,0","208,04K","-0,40%"
"21.02.2018","39.660,0","39.400,0","39.660,0","39.400,0","143,55K","0,66%"
"20.02.2018","39.400,0","39.780,0","39.780,0","39.400,0","163,25K","-1,05%"
"19.02.2018","39.820,0","38.840,0","40.000,0","38.840,0","23,57K","0,81%"
"16.02.2018","39.500,0","39.000,0","39.700,0","38.980,0","136,54K","1,80%"
"15.02.2018","38.800,0","38.360,0","38.980,0","38.360,0","345,42K","1,15%"
"14.02.2018","38.360,0","38.100,0","38.580,0","38.100,0","429,93K","0,37%"
"13.02.2018","38.220,0","38.400,0","38.980,0","38.100,0","173,57K","-0,21%"
"12.02.2018","38.300,0","38.700,0","38.700,0","38.300,0","118,20K","-0,26%"
"09.02.2018","38.400,0","39.400,0","39.400,0","38.400,0","173,02K","-2,29%"
"08.02.2018","39.300,0","40.000,0","40.000,0","39.300,0","37,66K","-1,75%"
"07.02.2018","40.000,0","39.580,0","40.200,0","39.580,0","112,11K","1,01%"
"06.02.2018","39.600,0","39.600,0","40.280,0","39.500,0","596,33K","-0,15%"
"05.02.2018","39.660,0","40.960,0","40.960,0","39.660,0","252,39K","-2,79%"
"02.02.2018","40.800,0","40.700,0","40.800,0","40.240,0","265,48K","0,25%"
"01.02.2018","40.700,0","40.700,0","40.940,0","40.260,0","278,15K","1,45%"
"31.01.2018","40.120,0","41.000,0","41.000,0","40.120,0","348,15K","-2,72%"
"30.01.2018","41.240,0","40.740,0","41.500,0","40.740,0","65,08K","-0,87%"
"29.01.2018","41.600,0","40.900,0","41.600,0","40.700,0","91,26K","1,46%"
"26.01.2018","41.000,0","41.120,0","41.140,0","40.700,0","104,37K","-0,24%"
"25.01.2018","41.100,0","41.300,0","41.500,0","41.000,0","163,87K","-0,44%"
"24.01.2018","41.280,0","40.900,0","41.300,0","40.800,0","223,28K","0,83%"
"23.01.2018","40.940,0","40.800,0","40.940,0","40.620,0","104,87K","0,34%"
"22.01.2018","40.800,0","40.260,0","40.800,0","40.260,0","160,78K","0,00%"
"19.01.2018","40.800,0","40.400,0","40.800,0","40.400,0","76,75K","0,74%"
"18.01.2018","40.500,0","40.660,0","40.660,0","40.400,0","45,54K","-0,39%"
"17.01.2018","40.660,0","40.600,0","41.260,0","39.960,0","73,65K","0,10%"
"16.01.2018","40.620,0","39.580,0","40.640,0","39.580,0","83,51K","2,63%"
"15.01.2018","39.580,0","39.820,0","40.300,0","39.540,0","21,84K","-0,55%"
"12.01.2018","39.800,0","39.980,0","40.000,0","39.340,0","97,67K","-0,45%"
"11.01.2018","39.980,0","40.700,0","40.700,0","39.300,0","91,83K","-0,99%"
"10.01.2018","40.380,0","41.200,0","41.300,0","40.380,0","217,15K","-2,23%"
"09.01.2018","41.300,0","40.120,0","41.300,0","40.120,0","309,85K","2,94%"
"05.01.2018","40.120,0","39.300,0","40.120,0","39.100,0","232,48K","2,35%"
"04.01.2018","39.200,0","39.480,0","39.560,0","39.000,0","110,76K","-0,71%"
"03.01.2018","39.480,0","39.240,0","39.500,0","39.240,0","94,38K","-1,25%"
"02.01.2018","39.980,0","40.280,0","40.280,0","38.640,0","26,71K","-0,79%"
"28.12.2017","40.300,0","40.060,0","40.480,0","40.060,0","83,27K","0,25%"
"27.12.2017","40.200,0","40.460,0","40.460,0","40.140,0","41,87K","0,00%"
"26.12.2017","40.200,0","40.060,0","40.380,0","40.040,0","52,58K","-1,18%"
"22.12.2017","40.680,0","39.980,0","40.680,0","39.860,0","18,23K","1,95%"
"21.12.2017","39.900,0","39.800,0","40.240,0","39.220,0","298,45K","0,30%"
"20.12.2017","39.780,0","39.220,0","39.780,0","39.220,0","164,53K","0,45%"
"19.12.2017","39.600,0","39.600,0","39.700,0","39.600,0","80,72K","0,05%"
"18.12.2017","39.580,0","39.040,0","39.580,0","39.040,0","50,51K","0,76%"
"15.12.2017","39.280,0","39.500,0","39.500,0","38.920,0","499,86K","-0,81%"
"14.12.2017","39.600,0","39.480,0","39.600,0","39.300,0","195,11K","0,30%"
"13.12.2017","39.480,0","39.300,0","39.740,0","39.300,0","444,74K","0,46%"
"12.12.2017","39.300,0","39.000,0","39.340,0","38.860,0","239,26K","-0,25%"
"11.12.2017","39.400,0","38.800,0","39.400,0","38.800,0","322,15K","1,60%"
"07.12.2017","38.780,0","38.640,0","38.900,0","38.560,0","158,62K","0,21%"
"06.12.2017","38.700,0","39.000,0","39.000,0","38.640,0","198,70K","-1,02%"
"05.12.2017","39.100,0","39.160,0","39.160,0","38.700,0","136,83K","0,67%"
"04.12.2017","38.840,0","39.180,0","39.180,0","38.800,0","33,23K","-0,92%"
"01.12.2017","39.200,0","39.360,0","39.360,0","38.900,0","99,67K","0,51%"
"30.11.2017","39.000,0","39.180,0","39.320,0","38.820,0","473,92K","-0,46%"
"29.11.2017","39.180,0","39.160,0","39.420,0","39.020,0","103,84K","0,05%"
"28.11.2017","39.160,0","39.020,0","39.420,0","38.500,0","217,09K","-0,36%"
"27.11.2017","39.300,0","39.300,0","39.300,0","39.020,0","69,15K","0,00%"
"24.11.2017","39.300,0","38.800,0","39.300,0","38.800,0","51,67K","0,05%"
"23.11.2017","39.280,0","39.160,0","39.300,0","39.100,0","8,23K","0,31%"
"22.11.2017","39.160,0","39.140,0","39.160,0","39.100,0","33,58K","0,05%"
"21.11.2017","39.140,0","39.380,0","39.380,0","38.800,0","30,41K","0,36%"
"20.11.2017","39.000,0","39.060,0","39.220,0","38.940,0","85,24K","-0,15%"
"17.11.2017","39.060,0","39.100,0","39.100,0","38.100,0","104,71K","2,47%"
"16.11.2017","38.120,0","38.000,0","38.800,0","38.000,0","145,55K","0,32%"
"15.11.2017","38.000,0","37.500,0","38.180,0","37.500,0","343,60K","0,80%"
"14.11.2017","37.700,0","38.200,0","38.400,0","37.520,0","228,90K","-0,58%"
"10.11.2017","37.920,0","38.200,0","38.200,0","37.920,0","185,51K","-0,73%"
"09.11.2017","38.200,0","39.500,0","39.500,0","38.200,0","190,40K","-1,55%"
"08.11.2017","38.800,0","38.500,0","38.800,0","38.400,0","25,25K","1,09%"
"07.11.2017","38.380,0","37.980,0","38.460,0","37.180,0","83,92K","1,05%"
"03.11.2017","37.980,0","38.360,0","38.360,0","37.980,0","146,38K","-0,89%"
"02.11.2017","38.320,0","38.600,0","38.800,0","38.320,0","154,49K","-1,39%"
"01.11.2017","38.860,0","39.300,0","39.300,0","38.620,0","322,80K","0,62%"
"31.10.2017","38.620,0","39.100,0","39.340,0","38.620,0","622,94K","-1,23%"
"30.10.2017","39.100,0","39.500,0","39.500,0","38.880,0","187,43K","-0,51%"
"27.10.2017","39.300,0","40.000,0","40.000,0","39.300,0","150,18K","-1,90%"
"26.10.2017","40.060,0","40.460,0","40.560,0","40.060,0","81,26K","-0,99%"
"25.10.2017","40.460,0","40.680,0","40.880,0","40.460,0","464,54K","-0,49%"
"24.10.2017","40.660,0","40.320,0","41.000,0","40.320,0","640,74K","0,79%"
"23.10.2017","40.340,0","40.820,0","41.400,0","40.340,0","170,50K","-1,18%"
"20.10.2017","40.820,0","41.360,0","41.620,0","40.820,0","53,85K","-1,31%"
"19.10.2017","41.360,0","41.640,0","41.840,0","41.360,0","542,94K","-1,15%"
"18.10.2017","41.840,0","41.980,0","41.980,0","41.620,0","208,79K","-0,29%"
"17.10.2017","41.960,0","41.620,0","42.000,0","41.520,0","212,89K","0,87%"
"13.10.2017","41.600,0","41.300,0","41.680,0","41.300,0","55,75K","-0,29%"
"12.10.2017","41.720,0","41.600,0","41.900,0","41.600,0","41,11K","0,29%"
"11.10.2017","41.600,0","41.500,0","41.820,0","41.400,0","133,66K","0,05%"
"10.10.2017","41.580,0","41.500,0","41.580,0","41.440,0","32,54K","0,10%"
"09.10.2017","41.540,0","41.860,0","41.900,0","41.500,0","31,39K","-0,86%"
"06.10.2017","41.900,0","41.400,0","41.900,0","41.380,0","150,29K","1,21%"
"05.10.2017","41.400,0","41.380,0","41.500,0","41.280,0","54,78K","0,34%"
"04.10.2017","41.260,0","41.200,0","41.360,0","41.200,0","26,73K","0,15%"
"03.10.2017","41.200,0","41.120,0","41.200,0","41.000,0","89,63K","0,19%"
"02.10.2017","41.120,0","40.880,0","41.160,0","40.880,0","75,41K","0,59%"
"29.09.2017","40.880,0","41.080,0","41.280,0","40.880,0","107,16K","-0,49%"
"28.09.2017","41.080,0","41.080,0","41.200,0","41.020,0","139,74K","0,00%"
"27.09.2017","41.080,0","41.000,0","41.220,0","40.820,0","77,16K","0,24%"
"26.09.2017","40.980,0","40.720,0","40.980,0","40.720,0","14,87K","-0,19%"
"25.09.2017","41.060,0","41.020,0","41.100,0","40.720,0","47,72K","0,15%"
"22.09.2017","41.000,0","41.100,0","41.300,0","41.000,0","41,41K","-0,82%"
"21.09.2017","41.340,0","41.340,0","41.440,0","41.200,0","87,47K","0,00%"
"20.09.2017","41.340,0","41.300,0","41.360,0","41.120,0","117,30K","-0,05%"
"19.09.2017","41.360,0","41.400,0","41.440,0","41.300,0","68,53K","-0,19%"
"18.09.2017","41.440,0","41.480,0","41.500,0","41.200,0","94,43K","-0,10%"
"15.09.2017","41.480,0","41.240,0","41.480,0","40.900,0","410,66K","0,58%"
"14.09.2017","41.240,0","41.240,0","41.240,0","40.940,0","174,46K","0,00%"
"13.09.2017","41.240,0","41.280,0","41.480,0","41.100,0","57,61K","-0,10%"
"12.09.2017","41.280,0","41.140,0","41.500,0","40.760,0","93,44K","-1,10%"
"11.09.2017","41.740,0","41.400,0","41.740,0","41.340,0","49,03K","0,87%"
"08.09.2017","41.380,0","41.420,0","41.480,0","41.160,0","27,26K","-0,14%"
"07.09.2017","41.440,0","41.440,0","41.540,0","41.140,0","32,12K","-0,10%"
"06.09.2017","41.480,0","41.520,0","41.600,0","40.940,0","119,13K","-0,58%"
"05.09.2017","41.720,0","41.700,0","41.840,0","41.660,0","132,07K","0,05%"
"04.09.2017","41.700,0","41.580,0","41.700,0","41.320,0","59,36K","0,29%"
"01.09.2017","41.580,0","41.260,0","41.640,0","41.260,0","102,01K","0,19%"
"31.08.2017","41.500,0","41.100,0","41.500,0","41.100,0","168,58K","0,14%"
"30.08.2017","41.440,0","41.480,0","41.600,0","41.380,0","33,36K","-0,14%"
"29.08.2017","41.500,0","41.480,0","41.500,0","41.400,0","80,33K","0,05%"
"28.08.2017","41.480,0","41.280,0","41.480,0","40.960,0","81,94K","0,63%"
"25.08.2017","41.220,0","41.420,0","41.640,0","41.040,0","76,11K","-0,34%"
"24.08.2017","41.360,0","41.100,0","41.460,0","41.100,0","48,29K","-0,05%"
"23.08.2017","41.380,0","41.400,0","41.400,0","41.040,0","32,14K","-0,05%"
"22.08.2017","41.400,0","41.380,0","41.760,0","41.220,0","80,92K","0,05%"
"18.08.2017","41.380,0","41.100,0","41.400,0","41.000,0","150,65K","0,68%"
"17.08.2017","41.100,0","41.300,0","41.620,0","41.100,0","203,46K","-0,48%"
"16.08.2017","41.300,0","41.080,0","41.400,0","41.000,0","258,18K","0,73%"
"15.08.2017","41.000,0","41.100,0","41.100,0","40.740,0","45,24K","-0,68%"
"14.08.2017","41.280,0","41.200,0","41.280,0","40.720,0","58,75K","0,58%"
"11.08.2017","41.040,0","38.920,0","41.500,0","38.920,0","63,88K","-1,06%"
"10.08.2017","41.480,0","41.600,0","41.600,0","40.760,0","74,64K","-0,24%"
"09.08.2017","41.580,0","41.680,0","41.680,0","41.200,0","137,92K","-0,24%"
"08.08.2017","41.680,0","41.700,0","41.740,0","41.320,0","64,15K","-0,05%"
"04.08.2017","41.700,0","41.740,0","41.740,0","41.400,0","22,50K","0,48%"
"03.08.2017","41.500,0","41.880,0","42.200,0","41.360,0","71,51K","-0,91%"
"02.08.2017","41.880,0","41.740,0","41.920,0","41.740,0","45,74K","0,34%"
"01.08.2017","41.740,0","41.980,0","42.000,0","41.740,0","128,30K","-0,67%"
"31.07.2017","42.020,0","41.980,0","42.020,0","41.620,0","297,95K","0,10%"
"28.07.2017","41.980,0","42.000,0","42.020,0","41.500,0","60,96K","0,05%"
"27.07.2017","41.960,0","41.300,0","42.120,0","41.300,0","132,22K","1,60%"
"26.07.2017","41.300,0","40.600,0","41.380,0","40.600,0","80,03K","0,73%"
"25.07.2017","41.000,0","40.560,0","41.220,0","40.560,0","201,96K","0,00%"
"24.07.2017","41.000,0","40.800,0","41.000,0","40.440,0","191,78K","0,24%"
"21.07.2017","40.900,0","41.000,0","41.000,0","40.880,0","46,64K","-0,15%"
"19.07.2017","40.960,0","41.000,0","41.000,0","40.720,0","85,45K","-0,10%"
"18.07.2017","41.000,0","40.800,0","41.000,0","40.500,0","63,60K","0,00%"
"17.07.2017","41.000,0","40.920,0","41.040,0","40.540,0","135,79K","0,20%"
"14.07.2017","40.920,0","41.060,0","41.060,0","40.600,0","85,23K","-0,34%"
"13.07.2017","41.060,0","41.280,0","41.280,0","40.900,0","147,59K","0,00%"
"12.07.2017","41.060,0","40.260,0","41.100,0","40.260,0","317,28K","0,93%"
"11.07.2017","40.680,0","40.480,0","40.680,0","40.360,0","90,27K","0,44%"
"10.07.2017","40.500,0","40.000,0","40.780,0","40.000,0","47,15K","-0,44%"
"07.07.2017","40.680,0","40.840,0","40.840,0","39.320,0","42,01K","-0,78%"
"06.07.2017","41.000,0","40.640,0","41.360,0","40.640,0","177,93K","0,99%"
"05.07.2017","40.600,0","40.180,0","40.640,0","40.100,0","302,13K","1,00%"
"04.07.2017","40.200,0","39.620,0","40.320,0","39.620,0","201,66K","1,52%"
"30.06.2017","39.600,0","39.300,0","39.620,0","39.300,0","566,32K","0,76%"
"29.06.2017","39.300,0","39.140,0","39.300,0","39.040,0","253,41K","0,51%"
"28.06.2017","39.100,0","39.100,0","39.280,0","38.880,0","198,23K","0,51%"
"27.06.2017","38.900,0","38.940,0","39.000,0","38.720,0","125,80K","0,26%"
"23.06.2017","38.800,0","38.740,0","38.880,0","38.740,0","119,39K","-0,41%"
"22.06.2017","38.960,0","39.280,0","39.280,0","38.700,0","262,83K","0,46%"
"21.06.2017","38.780,0","38.620,0","38.900,0","38.580,0","343,44K","0,41%"
"20.06.2017","38.620,0","39.140,0","39.180,0","38.580,0","435,25K","-0,82%"
"16.06.2017","38.940,0","39.000,0","39.160,0","38.940,0","687,81K","-0,61%"
"15.06.2017","39.180,0","39.000,0","39.280,0","39.000,0","162,66K","0,46%"
"14.06.2017","39.000,0","39.000,0","39.060,0","38.960,0","341,30K","0,26%"
"13.06.2017","38.900,0","38.800,0","38.940,0","38.700,0","42,84K","0,26%"
"12.06.2017","38.800,0","38.580,0","39.000,0","38.580,0","123,74K","-0,26%"
"09.06.2017","38.900,0","38.780,0","38.900,0","38.780,0","84,50K","0,46%"
"08.06.2017","38.720,0","39.160,0","39.160,0","38.720,0","1,19M","-0,46%"
"07.06.2017","38.900,0","39.080,0","39.100,0","38.880,0","213,22K","-0,26%"
"06.06.2017","39.000,0","38.960,0","39.100,0","38.900,0","189,49K","0,52%"
"05.06.2017","38.800,0","38.860,0","39.060,0","38.600,0","145,83K","0,05%"
"02.06.2017","38.780,0","38.980,0","38.980,0","38.500,0","2,58M","-0,51%"
"01.06.2017","38.980,0","38.720,0","39.280,0","38.720,0","53,56K","0,98%"
"31.05.2017","38.600,0","39.380,0","39.480,0","38.500,0","531,36K","-1,98%"
"30.05.2017","39.380,0","39.380,0","39.480,0","39.200,0","186,40K","0,00%"
"26.05.2017","39.380,0","38.920,0","39.520,0","38.920,0","131,64K","0,46%"
"25.05.2017","39.200,0","39.180,0","39.380,0","39.020,0","117,39K","0,05%"
"24.05.2017","39.180,0","39.380,0","39.380,0","39.000,0","237,10K","-0,05%"
"23.05.2017","39.200,0","39.020,0","39.600,0","39.020,0","313,65K","0,51%"
"22.05.2017","39.000,0","38.620,0","39.300,0","38.600,0","54,76K","1,04%"
"19.05.2017","38.600,0","39.740,0","39.940,0","38.600,0","383,00K","-2,87%"
"18.05.2017","39.740,0","39.500,0","39.780,0","39.340,0","185,38K","-0,30%"
"17.05.2017","39.860,0","39.000,0","39.860,0","39.000,0","217,66K","0,15%"
"16.05.2017","39.800,0","40.260,0","40.260,0","39.800,0","436,15K","-1,00%"
"15.05.2017","40.200,0","39.800,0","40.460,0","39.800,0","366,15K","0,50%"
"12.05.2017","40.000,0","39.500,0","40.000,0","39.500,0","562,38K","1,27%"
"11.05.2017","39.500,0","39.280,0","39.500,0","39.280,0","204,69K","0,51%"
"10.05.2017","39.300,0","39.260,0","39.360,0","39.000,0","242,73K","0,10%"
"09.05.2017","39.260,0","39.280,0","39.480,0","39.180,0","171,34K","-0,10%"
"08.05.2017","39.300,0","39.000,0","39.360,0","39.000,0","995,22K","0,77%"
"05.05.2017","39.000,0","38.620,0","39.020,0","38.620,0","41,84K","0,15%"
"04.05.2017","38.940,0","38.420,0","38.960,0","38.420,0","118,95K","1,35%"
"03.05.2017","38.420,0","38.760,0","38.760,0","38.420,0","90,88K","-0,57%"
"02.05.2017","38.640,0","38.880,0","38.880,0","38.540,0","80,57K","-0,67%"
"28.04.2017","38.900,0","38.820,0","38.900,0","38.780,0","317,15K","1,20%"
"27.04.2017","38.440,0","38.900,0","39.000,0","38.440,0","372,59K","-1,64%"
"26.04.2017","39.080,0","38.900,0","39.080,0","38.600,0","173,94K","0,46%"
"25.04.2017","38.900,0","38.920,0","39.020,0","38.680,0","192,67K","-0,05%"
"24.04.2017","38.920,0","38.900,0","38.920,0","38.500,0","152,55K","0,05%"
"21.04.2017","38.900,0","38.820,0","38.960,0","38.640,0","80,39K","0,00%"
"20.04.2017","38.900,0","39.220,0","39.220,0","38.880,0","119,98K","-0,51%"
"19.04.2017","39.100,0","39.200,0","39.200,0","38.800,0","393,02K","-0,26%"
"18.04.2017","39.200,0","38.700,0","39.280,0","38.640,0","55,25K","1,24%"
"17.04.2017","38.720,0","38.760,0","39.020,0","38.620,0","54,98K","-1,63%"
"12.04.2017","39.360,0","39.500,0","39.500,0","38.900,0","344,85K","0,61%"
"11.04.2017","39.120,0","39.480,0","39.480,0","39.040,0","136,27K","-0,96%"
"10.04.2017","39.500,0","39.280,0","39.500,0","39.180,0","224,49K","0,56%"
"07.04.2017","39.280,0","38.980,0","39.280,0","38.980,0","80,82K","0,72%"
"06.04.2017","39.000,0","38.980,0","39.000,0","38.900,0","44,86K","0,21%"
"05.04.2017","38.920,0","39.000,0","39.000,0","38.840,0","166,96K","-0,21%"
"04.04.2017","39.000,0","38.700,0","39.000,0","38.700,0","1,15M","0,26%"
"03.04.2017","38.900,0","39.060,0","39.060,0","38.600,0","136,18K","-0,46%"
"31.03.2017","39.080,0","38.540,0","39.080,0","38.540,0","127,19K","-0,05%"
"30.03.2017","39.100,0","39.180,0","39.180,0","38.900,0","102,81K","-0,26%"
"29.03.2017","39.200,0","39.100,0","39.200,0","39.040,0","79,65K","0,26%"
"28.03.2017","39.100,0","38.900,0","39.100,0","38.900,0","85,03K","0,51%"
"27.03.2017","38.900,0","39.040,0","39.040,0","38.740,0","96,39K","-0,36%"
"24.03.2017","39.040,0","39.280,0","39.280,0","38.940,0","64,99K","-0,61%"
"23.03.2017","39.280,0","38.900,0","39.300,0","38.800,0","241,77K","1,08%"
"22.03.2017","38.860,0","38.140,0","38.860,0","38.100,0","107,79K","0,94%"
"21.03.2017","38.500,0","38.500,0","38.500,0","38.080,0","137,76K","1,32%"
"17.03.2017","38.000,0","38.500,0","38.500,0","38.000,0","681,29K","-1,30%"
"16.03.2017","38.500,0","38.260,0","38.500,0","38.260,0","109,40K","0,63%"
"15.03.2017","38.260,0","37.800,0","38.260,0","37.640,0","114,93K","1,22%"
"14.03.2017","37.800,0","38.300,0","38.300,0","37.800,0","197,05K","-1,31%"
"13.03.2017","38.300,0","37.700,0","38.300,0","37.700,0","72,29K","1,06%"
"10.03.2017","37.900,0","37.460,0","38.120,0","37.460,0","114,02K","1,12%"
"09.03.2017","37.480,0","37.040,0","37.500,0","36.740,0","179,43K","1,19%"
"08.03.2017","37.040,0","37.380,0","37.380,0","37.000,0","61,47K","-0,64%"
"07.03.2017","37.280,0","37.340,0","37.460,0","37.160,0","240,88K","-0,16%"
"06.03.2017","37.340,0","37.040,0","37.340,0","36.840,0","4,68M","1,41%"
"03.03.2017","36.820,0","36.920,0","37.200,0","36.780,0","329,10K","-0,27%"
"02.03.2017","36.920,0","36.760,0","37.240,0","36.760,0","181,16K","0,38%"
"01.03.2017","36.780,0","36.500,0","37.360,0","36.500,0","282,31K","0,55%"
"28.02.2017","36.580,0","36.580,0","36.580,0","36.420,0","282,80K","-0,81%"
"27.02.2017","36.880,0","37.040,0","37.080,0","36.680,0","54,24K","-0,91%"
"24.02.2017","37.220,0","37.500,0","37.500,0","37.080,0","23,73K","-0,75%"
"23.02.2017","37.500,0","37.780,0","37.860,0","37.500,0","209,10K","-0,53%"
"22.02.2017","37.700,0","38.100,0","38.100,0","37.660,0","227,81K","-1,05%"
"21.02.2017","38.100,0","38.500,0","38.500,0","38.060,0","185,83K","-1,04%"
"20.02.2017","38.500,0","38.380,0","38.500,0","38.380,0","3,87K","-0,62%"
"17.02.2017","38.740,0","38.440,0","38.780,0","38.300,0","106,10K","0,78%"
"16.02.2017","38.440,0","37.720,0","38.440,0","37.720,0","54,43K","1,16%"
"15.02.2017","38.000,0","37.500,0","38.280,0","37.500,0","135,25K","0,90%"
"14.02.2017","37.660,0","38.480,0","38.580,0","37.240,0","194,09K","-2,13%"
"13.02.2017","38.480,0","38.260,0","38.480,0","37.800,0","104,39K","0,58%"
"10.02.2017","38.260,0","38.500,0","38.680,0","38.260,0","99,22K","0,00%"
"09.02.2017","38.260,0","38.380,0","38.740,0","38.200,0","131,97K","-1,39%"
"08.02.2017","38.800,0","38.880,0","38.980,0","38.680,0","117,64K","-1,27%"
"07.02.2017","39.300,0","39.440,0","39.500,0","39.260,0","38,94K","-0,35%"
"06.02.2017","39.440,0","39.480,0","39.700,0","39.400,0","146,17K","-0,10%"
"03.02.2017","39.480,0","39.200,0","39.600,0","39.200,0","108,67K","0,05%"
"02.02.2017","39.460,0","38.820,0","39.460,0","38.820,0","161,45K","1,02%"
"01.02.2017","39.060,0","39.000,0","39.380,0","38.900,0","305,55K","0,15%"
"31.01.2017","39.000,0","39.120,0","39.200,0","39.000,0","340,36K","-0,76%"
"30.01.2017","39.300,0","38.740,0","39.300,0","38.740,0","123,85K","0,51%"
"27.01.2017","39.100,0","38.900,0","39.180,0","38.880,0","92,47K","0,72%"
"26.01.2017","38.820,0","38.880,0","38.940,0","38.680,0","252,23K","-0,15%"
"25.01.2017","38.880,0","38.580,0","39.000,0","38.580,0","95,81K","0,10%"
"24.01.2017","38.840,0","38.480,0","38.880,0","38.460,0","140,29K","1,15%"
"23.01.2017","38.400,0","38.000,0","38.500,0","37.940,0","178,95K","0,37%"
"20.01.2017","38.260,0","38.460,0","38.460,0","38.260,0","165,93K","-0,62%"
"19.01.2017","38.500,0","38.380,0","38.500,0","38.220,0","236,08K","0,31%"
"18.01.2017","38.380,0","38.060,0","38.380,0","38.040,0","64,29K","0,89%"
"17.01.2017","38.040,0","38.260,0","38.380,0","38.040,0","54,08K","0,48%"
"16.01.2017","37.860,0","38.480,0","38.480,0","37.860,0","16,53K","-1,61%"
"13.01.2017","38.480,0","38.180,0","38.480,0","38.000,0","50,47K","0,73%"
"12.01.2017","38.200,0","38.400,0","38.520,0","38.200,0","182,59K","-0,26%"
"11.01.2017","38.300,0","38.200,0","38.300,0","38.000,0","72,01K","0,26%"
"10.01.2017","38.200,0","38.400,0","38.400,0","38.080,0","57,95K","-0,78%"
"06.01.2017","38.500,0","38.600,0","38.700,0","38.260,0","134,84K","-0,26%"
"05.01.2017","38.600,0","38.500,0","38.980,0","38.500,0","85,88K","-0,52%"
"04.01.2017","38.800,0","38.000,0","38.800,0","37.740,0","79,14K","2,11%"
"03.01.2017","38.000,0","38.000,0","38.000,0","37.620,0","84,70K","0,05%"
"02.01.2017","37.980,0","38.000,0","38.000,0","37.980,0","26,41K","-0,58%"
"29.12.2016","38.200,0","38.100,0","38.200,0","38.100,0","110,21K","0,26%"
"28.12.2016","38.100,0","37.500,0","38.100,0","37.500,0","93,60K","1,60%"
"27.12.2016","37.500,0","37.140,0","37.580,0","37.140,0","11,32K","0,97%"
"26.12.2016","37.140,0","36.400,0","37.180,0","36.400,0","78,30K","1,75%"
"23.12.2016","36.500,0","37.600,0","37.600,0","36.340,0","105,99K","-3,03%"
"22.12.2016","37.640,0","38.200,0","38.200,0","37.500,0","171,92K","-1,57%"
"21.12.2016","38.240,0","38.420,0","38.420,0","38.100,0","217,94K","-0,47%"
"20.12.2016","38.420,0","38.200,0","38.580,0","38.200,0","181,09K","1,11%"
"19.12.2016","38.000,0","37.380,0","38.100,0","37.380,0","120,89K","1,60%"
"16.12.2016","37.400,0","37.500,0","37.700,0","37.380,0","304,58K","-0,21%"
"15.12.2016","37.480,0","36.700,0","37.480,0","36.360,0","163,69K","1,30%"
"14.12.2016","37.000,0","36.780,0","37.460,0","36.720,0","204,34K","0,00%"
"13.12.2016","37.000,0","36.300,0","37.000,0","36.300,0","133,92K","1,93%"
"12.12.2016","36.300,0","36.660,0","36.660,0","36.200,0","118,07K","-0,98%"
"09.12.2016","36.660,0","36.000,0","36.660,0","35.880,0","187,81K","2,75%"
"07.12.2016","35.680,0","36.420,0","36.420,0","35.600,0","386,84K","-1,92%"
"06.12.2016","36.380,0","36.640,0","36.860,0","36.280,0","133,72K","-0,71%"
"05.12.2016","36.640,0","36.980,0","36.980,0","36.500,0","303,40K","0,94%"
"02.12.2016","36.300,0","35.900,0","36.400,0","35.880,0","579,59K","1,11%"
"01.12.2016","35.900,0","35.500,0","35.960,0","35.500,0","673,34K","1,13%"
"30.11.2016","35.500,0","35.440,0","35.960,0","35.220,0","662,58K","0,57%"
"29.11.2016","35.300,0","36.300,0","36.300,0","35.000,0","362,00K","-3,02%"
"28.11.2016","36.400,0","36.600,0","36.600,0","36.400,0","127,64K","-0,22%"
"25.11.2016","36.480,0","36.740,0","36.760,0","36.220,0","180,52K","-0,71%"
"24.11.2016","36.740,0","36.960,0","37.000,0","36.640,0","152,99K","-0,60%"
"23.11.2016","36.960,0","36.500,0","36.960,0","36.340,0","137,92K","0,71%"
"22.11.2016","36.700,0","36.720,0","36.720,0","36.380,0","83,38K","-0,05%"
"21.11.2016","36.720,0","36.680,0","36.880,0","36.600,0","140,66K","0,82%"
"18.11.2016","36.420,0","36.260,0","36.600,0","36.260,0","131,73K","0,66%"
"17.11.2016","36.180,0","35.600,0","36.260,0","35.600,0","255,70K","1,92%"
"16.11.2016","35.500,0","35.560,0","35.580,0","35.100,0","249,38K","0,00%"
"15.11.2016","35.500,0","36.000,0","36.040,0","35.340,0","324,11K","-1,28%"
"11.11.2016","35.960,0","36.200,0","36.300,0","35.820,0","381,43K","-2,81%"
"10.11.2016","37.000,0","38.000,0","38.000,0","37.000,0","329,13K","-2,99%"
"09.11.2016","38.140,0","37.800,0","38.240,0","37.800,0","67,67K","0,37%"
"08.11.2016","38.000,0","38.000,0","38.000,0","37.920,0","532,37K","0,53%"
"04.11.2016","37.800,0","38.000,0","38.000,0","37.620,0","605,27K","-0,53%"
"03.11.2016","38.000,0","38.260,0","38.420,0","38.000,0","178,33K","-0,99%"
"02.11.2016","38.380,0","38.540,0","38.660,0","38.380,0","95,34K","-0,57%"
"01.11.2016","38.600,0","38.760,0","38.780,0","38.440,0","135,89K","-0,46%"
"31.10.2016","38.780,0","38.220,0","38.780,0","38.220,0","341,49K","0,78%"
"28.10.2016","38.480,0","38.200,0","38.480,0","38.200,0","173,68K","0,73%"
"27.10.2016","38.200,0","38.080,0","38.200,0","38.000,0","50,88K","0,53%"
"26.10.2016","38.000,0","38.160,0","38.500,0","38.000,0","58,14K","-0,37%"
"25.10.2016","38.140,0","38.380,0","38.480,0","38.140,0","38,54K","-0,63%"
"24.10.2016","38.380,0","38.400,0","38.480,0","38.380,0","102,07K","-0,31%"
"21.10.2016","38.500,0","38.300,0","38.500,0","38.200,0","32,66K","0,52%"
"20.10.2016","38.300,0","38.300,0","38.300,0","38.200,0","16,83K","0,00%"
"19.10.2016","38.300,0","38.280,0","38.500,0","38.280,0","125,56K","0,05%"
"18.10.2016","38.280,0","38.500,0","38.500,0","38.100,0","43,99K","0,53%"
"14.10.2016","38.080,0","38.300,0","38.300,0","38.080,0","39,54K","-1,19%"
"13.10.2016","38.540,0","38.700,0","38.700,0","38.500,0","72,82K","-0,41%"
"12.10.2016","38.700,0","38.460,0","38.900,0","38.460,0","151,91K","0,52%"
"11.10.2016","38.500,0","38.200,0","38.500,0","38.180,0","104,23K","0,31%"
"10.10.2016","38.380,0","38.180,0","38.380,0","38.040,0","34,65K","0,95%"
"07.10.2016","38.020,0","38.300,0","38.300,0","38.020,0","130,00K","-0,73%"
"06.10.2016","38.300,0","38.400,0","38.500,0","38.120,0","72,16K","-0,26%"
"05.10.2016","38.400,0","38.000,0","38.400,0","38.000,0","67,79K","1,00%"
"04.10.2016","38.020,0","37.680,0","38.020,0","37.640,0","87,18K","1,01%"
"03.10.2016","37.640,0","37.000,0","38.000,0","37.000,0","99,79K","0,05%"
"30.09.2016","37.620,0","38.160,0","38.260,0","37.620,0","202,85K","-1,42%"
"29.09.2016","38.160,0","38.300,0","38.420,0","38.160,0","80,02K","-0,68%"
"28.09.2016","38.420,0","38.620,0","38.620,0","38.420,0","38,98K","0,10%"
"27.09.2016","38.380,0","38.020,0","38.700,0","38.020,0","65,04K","-0,83%"
"26.09.2016","38.700,0","38.080,0","38.700,0","38.000,0","57,99K","0,52%"
"23.09.2016","38.500,0","38.680,0","38.880,0","38.500,0","187,17K","-0,77%"
"22.09.2016","38.800,0","38.260,0","38.800,0","38.140,0","190,60K","2,11%"
"21.09.2016","38.000,0","38.200,0","38.220,0","37.860,0","229,18K","-0,52%"
"20.09.2016","38.200,0","38.660,0","38.680,0","38.000,0","452,98K","-1,04%"
"19.09.2016","38.600,0","38.820,0","38.820,0","38.600,0","54,77K","-0,52%"
"16.09.2016","38.800,0","38.820,0","38.820,0","38.700,0","285,38K","-0,05%"
"15.09.2016","38.820,0","38.980,0","38.980,0","38.700,0","118,51K","0,26%"
"14.09.2016","38.720,0","38.980,0","38.980,0","38.500,0","862,07K","0,78%"
"13.09.2016","38.420,0","38.540,0","38.700,0","38.400,0","98,69K","-1,03%"
"12.09.2016","38.820,0","39.040,0","39.100,0","38.800,0","36,08K","-0,56%"
"09.09.2016","39.040,0","39.420,0","39.560,0","39.040,0","96,06K","-1,61%"
"08.09.2016","39.680,0","39.900,0","39.900,0","38.860,0","291,01K","-0,50%"
"07.09.2016","39.880,0","39.120,0","39.940,0","39.120,0","244,17K","1,32%"
"06.09.2016","39.360,0","39.000,0","39.360,0","38.840,0","175,72K","0,92%"
"05.09.2016","39.000,0","38.620,0","39.080,0","38.620,0","73,98K","0,05%"
"02.09.2016","38.980,0","38.620,0","38.980,0","38.580,0","222,92K","0,93%"
"01.09.2016","38.620,0","38.980,0","38.980,0","38.460,0","108,01K","-0,05%"
"31.08.2016","38.640,0","39.180,0","39.300,0","38.640,0","312,77K","-1,38%"
"30.08.2016","39.180,0","38.880,0","39.200,0","38.880,0","205,05K","0,82%"
"29.08.2016","38.860,0","39.000,0","39.000,0","38.700,0","235,27K","-0,36%"
"26.08.2016","39.000,0","38.700,0","39.200,0","38.660,0","59,16K","0,78%"
"25.08.2016","38.700,0","39.100,0","39.420,0","38.700,0","259,81K","-0,97%"
"24.08.2016","39.080,0","38.820,0","39.340,0","38.820,0","394,09K","0,57%"
"23.08.2016","38.860,0","38.400,0","38.860,0","38.400,0","104,26K","0,41%"
"22.08.2016","38.700,0","38.580,0","38.780,0","38.580,0","213,83K","0,21%"
"19.08.2016","38.620,0","38.560,0","38.720,0","38.560,0","67,71K","0,16%"
"18.08.2016","38.560,0","38.560,0","38.840,0","38.560,0","151,64K","-0,77%"
"17.08.2016","38.860,0","38.620,0","38.860,0","38.540,0","254,93K","0,62%"
"16.08.2016","38.620,0","38.500,0","38.780,0","38.400,0","381,56K","0,31%"
"12.08.2016","38.500,0","38.480,0","38.540,0","38.260,0","99,28K","0,05%"
"11.08.2016","38.480,0","38.560,0","38.860,0","38.380,0","233,81K","-0,21%"
"10.08.2016","38.560,0","38.300,0","38.780,0","38.300,0","189,54K","-0,26%"
"09.08.2016","38.660,0","38.500,0","38.700,0","38.400,0","207,94K","0,68%"
"08.08.2016","38.400,0","38.180,0","38.460,0","38.180,0","115,67K","0,31%"
"05.08.2016","38.280,0","38.320,0","38.380,0","38.160,0","135,72K","0,21%"
"04.08.2016","38.200,0","38.200,0","38.200,0","37.960,0","60,93K","0,53%"
"03.08.2016","38.000,0","38.420,0","38.700,0","38.000,0","193,07K","-1,50%"
"02.08.2016","38.580,0","38.680,0","38.700,0","38.220,0","103,91K","-0,10%"
"01.08.2016","38.620,0","38.220,0","38.700,0","38.220,0","93,46K","0,78%"
"29.07.2016","38.320,0","38.340,0","38.580,0","38.320,0","570,15K","-1,69%"
"28.07.2016","38.980,0","38.900,0","39.060,0","38.800,0","121,34K","-0,20%"
"27.07.2016","39.060,0","38.320,0","39.060,0","38.320,0","197,69K","0,67%"
"26.07.2016","38.800,0","39.240,0","39.500,0","38.800,0","245,30K","-2,27%"
"25.07.2016","39.700,0","39.100,0","39.880,0","39.100,0","260,74K","-0,50%"
"22.07.2016","39.900,0","39.960,0","39.960,0","39.440,0","216,31K","0,15%"
"21.07.2016","39.840,0","39.760,0","39.840,0","39.260,0","129,72K","-0,35%"
"19.07.2016","39.980,0","39.780,0","39.980,0","39.760,0","207,68K","0,45%"
"18.07.2016","39.800,0","39.380,0","39.900,0","39.380,0","185,02K","0,30%"
"15.07.2016","39.680,0","39.360,0","39.680,0","39.000,0","318,38K","0,76%"
"14.07.2016","39.380,0","39.220,0","39.400,0","38.680,0","312,45K","0,41%"
"13.07.2016","39.220,0","38.820,0","39.280,0","38.820,0","260,94K","1,24%"
"12.07.2016","38.740,0","38.160,0","38.740,0","38.160,0","158,05K","1,41%"
"11.07.2016","38.200,0","38.280,0","38.300,0","37.920,0","53,58K","1,43%"
"08.07.2016","37.660,0","38.280,0","38.280,0","37.460,0","103,98K","-1,00%"
"07.07.2016","38.040,0","38.500,0","38.600,0","38.040,0","114,11K","-1,19%"
"06.07.2016","38.500,0","38.000,0","38.680,0","38.000,0","80,98K","1,10%"
"05.07.2016","38.080,0","37.900,0","38.200,0","37.900,0","56,37K","0,37%"
"01.07.2016","37.940,0","38.380,0","38.380,0","37.920,0","27,30K","-0,94%"
"30.06.2016","38.300,0","38.060,0","38.380,0","38.060,0","150,63K","0,63%"
"29.06.2016","38.060,0","38.000,0","38.300,0","37.900,0","46,83K","0,74%"
"28.06.2016","37.780,0","38.000,0","38.160,0","37.700,0","48,42K","0,43%"
"27.06.2016","37.620,0","38.160,0","38.160,0","37.620,0","59,92K","-1,52%"
"24.06.2016","38.200,0","38.000,0","38.200,0","37.000,0","132,93K","0,37%"
"23.06.2016","38.060,0","38.240,0","38.300,0","38.060,0","157,25K","-0,21%"
"22.06.2016","38.140,0","38.000,0","38.300,0","38.000,0","403,78K","0,37%"
"21.06.2016","38.000,0","37.720,0","38.140,0","37.720,0","242,57K","0,00%"
"20.06.2016","38.000,0","38.140,0","38.420,0","37.920,0","259,82K","-0,26%"
"17.06.2016","38.100,0","37.800,0","38.400,0","37.800,0","295,14K","0,79%"
"16.06.2016","37.800,0","37.680,0","37.800,0","37.660,0","43,52K","0,27%"
"15.06.2016","37.700,0","37.800,0","37.940,0","37.480,0","155,69K","-0,26%"
"14.06.2016","37.800,0","38.640,0","38.640,0","37.800,0","201,11K","-2,43%"
"13.06.2016","38.740,0","38.080,0","38.740,0","38.080,0","63,85K","0,78%"
"10.06.2016","38.440,0","38.740,0","38.980,0","38.180,0","77,77K","-0,98%"
"09.06.2016","38.820,0","38.780,0","39.180,0","38.700,0","100,35K","-0,21%"
"08.06.2016","38.900,0","38.180,0","38.900,0","38.180,0","354,56K","2,10%"
"07.06.2016","38.100,0","37.900,0","38.120,0","37.860,0","195,42K","0,79%"
"03.06.2016","37.800,0","37.660,0","37.800,0","37.320,0","45,03K","0,37%"
"02.06.2016","37.660,0","37.380,0","37.800,0","37.380,0","72,21K","0,75%"
"01.06.2016","37.380,0","37.000,0","37.380,0","36.980,0","281,75K","0,48%"
"31.05.2016","37.200,0","37.660,0","37.660,0","36.900,0","786,83K","-1,33%"
"27.05.2016","37.700,0","36.860,0","37.700,0","36.800,0","239,70K","2,28%"
"26.05.2016","36.860,0","37.200,0","37.400,0","36.800,0","270,55K","-0,91%"
"25.05.2016","37.200,0","37.700,0","37.700,0","37.180,0","213,36K","-1,33%"
"24.05.2016","37.700,0","37.780,0","37.840,0","37.500,0","174,36K","-0,21%"
"23.05.2016","37.780,0","38.000,0","38.000,0","37.640,0","83,64K","0,48%"
"20.05.2016","37.600,0","37.940,0","38.160,0","37.600,0","97,87K","-0,27%"
"19.05.2016","37.700,0","37.900,0","37.960,0","37.620,0","160,03K","-1,82%"
"18.05.2016","38.400,0","38.600,0","38.600,0","37.420,0","200,85K","-0,52%"
"17.05.2016","38.600,0","38.840,0","39.260,0","38.500,0","98,87K","-1,78%"
"16.05.2016","39.300,0","39.480,0","39.720,0","39.240,0","395,87K","-0,15%"
"13.05.2016","39.360,0","39.220,0","39.420,0","38.880,0","162,43K","0,36%"
"12.05.2016","39.220,0","38.840,0","39.500,0","38.820,0","354,34K","1,03%"
"11.05.2016","38.820,0","38.000,0","39.680,0","38.000,0","2,30M","0,05%"
"10.05.2016","38.800,0","36.900,0","38.800,0","36.900,0","224,65K","5,15%"
"06.05.2016","36.900,0","37.600,0","37.600,0","36.820,0","88,86K","0,00%"
"05.05.2016","36.900,0","38.420,0","38.500,0","36.900,0","2,56M","-3,66%"
"04.05.2016","38.300,0","38.600,0","38.600,0","38.120,0","1,10M","-0,78%"
"03.05.2016","38.600,0","39.280,0","39.280,0","38.300,0","263,55K","-1,73%"
"02.05.2016","39.280,0","38.800,0","39.280,0","38.800,0","64,32K","2,03%"
"29.04.2016","38.500,0","38.940,0","38.940,0","38.500,0","464,71K","-1,23%"
"28.04.2016","38.980,0","39.000,0","39.200,0","38.600,0","262,89K","0,21%"
"27.04.2016","38.900,0","39.200,0","39.200,0","38.800,0","106,35K","-0,82%"
"26.04.2016","39.220,0","38.840,0","39.220,0","38.840,0","219,12K","0,36%"
"25.04.2016","39.080,0","39.000,0","39.080,0","38.800,0","340,91K","-1,46%"
"22.04.2016","39.660,0","39.860,0","39.860,0","39.600,0","142,74K","-0,10%"
"21.04.2016","39.700,0","39.160,0","39.700,0","39.160,0","141,54K","0,51%"
"20.04.2016","39.500,0","39.320,0","39.980,0","39.300,0","339,34K","0,82%"
"19.04.2016","39.180,0","39.240,0","39.400,0","39.140,0","62,69K","-0,15%"
"18.04.2016","39.240,0","39.200,0","39.240,0","38.780,0","96,62K","0,41%"
"15.04.2016","39.080,0","39.600,0","39.600,0","39.020,0","137,56K","-1,71%"
"14.04.2016","39.760,0","39.940,0","39.940,0","39.600,0","86,69K","-0,45%"
"13.04.2016","39.940,0","39.340,0","39.980,0","39.340,0","598,49K","0,25%"
"12.04.2016","39.840,0","39.480,0","40.180,0","39.320,0","239,80K","0,91%"
"11.04.2016","39.480,0","39.060,0","39.700,0","39.060,0","167,00K","0,00%"
"08.04.2016","39.480,0","39.000,0","39.480,0","38.860,0","266,57K","1,28%"
"07.04.2016","38.980,0","38.600,0","38.980,0","38.600,0","194,09K","-0,05%"
"06.04.2016","39.000,0","38.580,0","39.000,0","38.580,0","191,90K","0,93%"
"05.04.2016","38.640,0","39.100,0","39.320,0","38.640,0","86,53K","-2,67%"
"04.04.2016","39.700,0","39.740,0","39.740,0","39.220,0","61,63K","0,30%"
"01.04.2016","39.580,0","38.200,0","40.080,0","38.200,0","189,24K","-0,80%"
"31.03.2016","39.900,0","39.300,0","39.900,0","38.700,0","554,76K","1,53%"
"30.03.2016","39.300,0","39.080,0","39.480,0","38.760,0","192,34K","0,77%"
"29.03.2016","39.000,0","39.400,0","39.400,0","38.140,0","177,00K","-1,47%"
"28.03.2016","39.580,0","39.840,0","39.840,0","39.200,0","116,42K","-0,95%"
"23.03.2016","39.960,0","38.560,0","39.960,0","38.500,0","95,58K","1,11%"
"22.03.2016","39.520,0","38.760,0","39.520,0","38.520,0","294,53K","0,20%"
"18.03.2016","39.440,0","38.000,0","39.440,0","37.680,0","997,97K","4,34%"
"17.03.2016","37.800,0","37.700,0","37.800,0","37.180,0","801,44K","0,27%"
"16.03.2016","37.700,0","37.720,0","37.720,0","36.480,0","224,87K","-0,05%"
"15.03.2016","37.720,0","38.220,0","38.260,0","37.540,0","324,09K","-1,67%"
"14.03.2016","38.360,0","38.500,0","38.500,0","38.000,0","90,84K","-0,31%"
"11.03.2016","38.480,0","38.200,0","38.480,0","38.200,0","232,46K","0,21%"
"10.03.2016","38.400,0","37.800,0","38.400,0","37.800,0","225,10K","1,11%"
"09.03.2016","37.980,0","37.900,0","38.000,0","37.900,0","185,69K","0,00%"
"08.03.2016","37.980,0","37.860,0","38.080,0","37.840,0","178,32K","-0,37%"
"07.03.2016","38.120,0","37.760,0","38.180,0","37.760,0","72,77K","0,11%"
"04.03.2016","38.080,0","38.020,0","38.100,0","37.720,0","167,33K","-0,05%"
"03.03.2016","38.100,0","38.200,0","38.200,0","37.980,0","202,05K","-0,26%"
"02.03.2016","38.200,0","37.920,0","38.300,0","37.860,0","516,94K","0,58%"
"01.03.2016","37.980,0","38.060,0","38.080,0","37.720,0","164,14K","0,48%"
"29.02.2016","37.800,0","37.760,0","38.000,0","37.700,0","252,48K","-0,26%"
"26.02.2016","37.900,0","37.480,0","38.000,0","37.480,0","133,89K","1,07%"
"25.02.2016","37.500,0","37.000,0","37.500,0","36.900,0","163,13K","1,74%"
"24.02.2016","36.860,0","36.600,0","36.960,0","36.580,0","242,38K","0,66%"
"23.02.2016","36.620,0","37.000,0","37.000,0","36.500,0","202,74K","-1,08%"
"22.02.2016","37.020,0","37.380,0","37.480,0","36.880,0","143,68K","-0,96%"
"19.02.2016","37.380,0","36.400,0","37.380,0","36.400,0","305,70K","1,03%"
"18.02.2016","37.000,0","36.540,0","37.100,0","36.500,0","317,67K","0,33%"
"17.02.2016","36.880,0","35.240,0","36.880,0","35.240,0","305,13K","2,44%"
"16.02.2016","36.000,0","36.500,0","36.980,0","36.000,0","247,97K","-1,04%"
"15.02.2016","36.380,0","36.300,0","36.500,0","36.300,0","28,21K","0,22%"
"12.02.2016","36.300,0","35.800,0","36.420,0","35.800,0","1,59M","1,74%"
"11.02.2016","35.680,0","35.400,0","35.680,0","35.160,0","1,68M","-0,17%"
"10.02.2016","35.740,0","35.720,0","36.100,0","35.720,0","143,74K","0,11%"
"09.02.2016","35.700,0","35.580,0","35.740,0","35.580,0","184,71K","0,22%"
"08.02.2016","35.620,0","35.180,0","35.620,0","35.180,0","30,76K","0,00%"
"05.02.2016","35.620,0","35.620,0","35.640,0","35.440,0","74,90K","0,00%"
"04.02.2016","35.620,0","35.300,0","35.800,0","35.300,0","209,92K","0,91%"
"03.02.2016","35.300,0","34.900,0","35.500,0","34.660,0","204,94K","1,61%"
"02.02.2016","34.740,0","34.580,0","35.120,0","34.580,0","154,66K","-2,53%"
"01.02.2016","35.640,0","35.480,0","35.640,0","35.000,0","207,17K","-0,45%"
"29.01.2016","35.800,0","35.020,0","35.800,0","35.000,0","219,96K","2,29%"
"28.01.2016","35.000,0","34.980,0","35.200,0","34.700,0","192,68K","1,21%"
"27.01.2016","34.580,0","34.560,0","34.780,0","34.500,0","69,56K","0,12%"
"26.01.2016","34.540,0","34.020,0","34.600,0","34.020,0","114,28K","0,64%"
"25.01.2016","34.320,0","33.520,0","34.800,0","33.520,0","199,22K","-0,81%"
"22.01.2016","34.600,0","34.460,0","34.900,0","33.660,0","254,58K","3,41%"
"21.01.2016","33.460,0","32.200,0","33.460,0","32.000,0","430,32K","2,95%"
"20.01.2016","32.500,0","31.480,0","32.500,0","31.360,0","236,37K","2,65%"
"19.01.2016","31.660,0","31.100,0","32.000,0","31.100,0","167,03K","2,06%"
"18.01.2016","31.020,0","31.960,0","31.960,0","31.020,0","136,19K","-3,06%"
"15.01.2016","32.000,0","32.000,0","32.200,0","31.600,0","613,04K","-1,54%"
"14.01.2016","32.500,0","31.600,0","32.580,0","31.300,0","499,31K","3,37%"
"13.01.2016","31.440,0","32.980,0","32.980,0","30.800,0","182,03K","1,75%"
"12.01.2016","30.900,0","32.140,0","32.140,0","30.280,0","327,21K","-3,86%"
"08.01.2016","32.140,0","32.560,0","32.580,0","32.140,0","92,80K","-1,17%"
"07.01.2016","32.520,0","33.920,0","34.100,0","32.520,0","87,92K","-4,63%"
"06.01.2016","34.100,0","34.300,0","34.300,0","34.000,0","114,40K","-0,53%"
"05.01.2016","34.280,0","34.140,0","35.200,0","34.120,0","96,23K","0,47%"
"04.01.2016","34.120,0","34.780,0","35.660,0","34.120,0","49,74K","-4,43%"
"30.12.2015","35.700,0","35.700,0","35.700,0","35.700,0","29,04K","0,96%"
"29.12.2015","35.360,0","35.400,0","35.400,0","35.100,0","2,89M","-0,11%"
"28.12.2015","35.400,0","34.240,0","35.400,0","34.240,0","26,06K","0,57%"
"24.12.2015","35.200,0","35.500,0","36.200,0","35.000,0","49,85K","-0,56%"
"23.12.2015","35.400,0","34.380,0","35.400,0","33.820,0","65,89K","4,55%"
"22.12.2015","33.860,0","34.200,0","34.380,0","33.860,0","58,15K","-1,86%"
"21.12.2015","34.500,0","34.580,0","34.580,0","33.600,0","108,65K","0,29%"
"18.12.2015","34.400,0","33.460,0","34.500,0","33.400,0","293,07K","0,70%"
"17.12.2015","34.160,0","33.800,0","34.160,0","33.460,0","218,86K","1,24%"
"16.12.2015","33.740,0","32.540,0","33.820,0","32.540,0","342,52K","2,24%"
"15.12.2015","33.000,0","31.800,0","33.000,0","31.800,0","169,06K","4,76%"
"14.12.2015","31.500,0","30.100,0","31.500,0","30.100,0","89,72K","0,00%"
"11.12.2015","31.500,0","30.680,0","31.580,0","30.680,0","241,21K","-1,32%"
"10.12.2015","31.920,0","30.300,0","31.920,0","30.300,0","322,70K","5,84%"
"09.12.2015","30.160,0","29.500,0","30.320,0","29.500,0","146,24K","1,89%"
"07.12.2015","29.600,0","30.060,0","30.060,0","29.600,0","236,72K","-2,63%"
"04.12.2015","30.400,0","30.000,0","30.500,0","30.000,0","121,56K","-0,39%"
"03.12.2015","30.520,0","31.500,0","31.600,0","30.520,0","143,32K","-3,23%"
"02.12.2015","31.540,0","32.400,0","32.600,0","31.540,0","158,88K","-3,25%"
"01.12.2015","32.600,0","32.400,0","33.480,0","32.340,0","308,18K","0,74%"
"30.11.2015","32.360,0","31.620,0","32.400,0","31.540,0","712,50K","2,60%"
"27.11.2015","31.540,0","31.900,0","31.980,0","31.540,0","64,81K","-1,19%"
"26.11.2015","31.920,0","31.820,0","32.160,0","31.820,0","69,80K","-1,72%"
"25.11.2015","32.480,0","32.860,0","32.860,0","32.000,0","271,30K","-1,28%"
"24.11.2015","32.900,0","33.100,0","33.220,0","32.800,0","211,64K","-1,20%"
"23.11.2015","33.300,0","33.580,0","33.660,0","33.300,0","222,41K","-0,66%"
"20.11.2015","33.520,0","32.820,0","33.520,0","32.820,0","166,44K","1,64%"
"19.11.2015","32.980,0","33.040,0","33.460,0","32.880,0","589,23K","0,37%"
"18.11.2015","32.860,0","32.500,0","34.300,0","32.500,0","374,49K","1,11%"
"17.11.2015","32.500,0","35.900,0","35.900,0","32.500,0","646,33K","-6,07%"
"13.11.2015","34.600,0","35.400,0","36.500,0","34.600,0","357,38K","-2,26%"
"12.11.2015","35.400,0","36.380,0","36.380,0","35.260,0","270,09K","-2,91%"
"11.11.2015","36.460,0","36.700,0","36.700,0","36.340,0","20,69K","-0,65%"
"10.11.2015","36.700,0","36.180,0","36.880,0","36.100,0","4,83M","1,44%"
"09.11.2015","36.180,0","36.300,0","36.420,0","35.980,0","327,57K","0,11%"
"06.11.2015","36.140,0","36.480,0","36.880,0","35.800,0","195,70K","-0,93%"
"05.11.2015","36.480,0","36.900,0","36.900,0","36.180,0","228,49K","-1,30%"
"04.11.2015","36.960,0","37.100,0","37.100,0","36.800,0","157,47K","-0,48%"
"03.11.2015","37.140,0","36.780,0","37.140,0","36.600,0","214,45K","0,98%"
"30.10.2015","36.780,0","36.500,0","36.980,0","36.500,0","376,90K","0,88%"
"29.10.2015","36.460,0","36.340,0","36.460,0","36.340,0","64,01K","-0,82%"
"28.10.2015","36.760,0","36.860,0","37.000,0","36.500,0","149,94K","-1,08%"
"27.10.2015","37.160,0","37.200,0","37.200,0","36.780,0","180,89K","-0,11%"
"26.10.2015","37.200,0","36.920,0","37.200,0","36.860,0","85,54K","-0,11%"
"23.10.2015","37.240,0","37.240,0","37.440,0","36.860,0","261,21K","-0,16%"
"22.10.2015","37.300,0","36.720,0","37.300,0","36.700,0","193,76K","1,25%"
"21.10.2015","36.840,0","36.300,0","36.840,0","36.300,0","236,47K","0,22%"
"20.10.2015","36.760,0","36.760,0","36.860,0","36.520,0","262,81K","0,00%"
"19.10.2015","36.760,0","36.000,0","36.760,0","36.000,0","74,13K","1,55%"
"16.10.2015","36.200,0","36.040,0","36.200,0","36.040,0","187,95K","0,50%"
"15.10.2015","36.020,0","36.840,0","36.840,0","36.020,0","85,57K","-2,23%"
"14.10.2015","36.840,0","37.080,0","37.200,0","36.840,0","70,45K","-1,50%"
"13.10.2015","37.400,0","36.520,0","37.400,0","36.520,0","213,28K","0,59%"
"09.10.2015","37.180,0","37.320,0","37.320,0","36.940,0","190,31K","-0,32%"
"08.10.2015","37.300,0","37.240,0","37.340,0","36.720,0","93,60K","-0,21%"
"07.10.2015","37.380,0","37.000,0","37.380,0","36.700,0","163,88K","1,25%"
"06.10.2015","36.920,0","36.980,0","37.180,0","36.780,0","219,04K","-0,11%"
"05.10.2015","36.960,0","36.600,0","37.000,0","36.600,0","210,44K","1,09%"
"02.10.2015","36.560,0","35.520,0","36.560,0","35.520,0","105,54K","2,70%"
"01.10.2015","35.600,0","35.960,0","36.000,0","35.600,0","51,72K","-0,78%"
"30.09.2015","35.880,0","34.900,0","35.900,0","34.900,0","326,48K","1,76%"
"29.09.2015","35.260,0","34.960,0","35.500,0","34.800,0","530,79K","0,46%"
"28.09.2015","35.100,0","35.380,0","35.380,0","35.000,0","44,49K","-0,68%"
"25.09.2015","35.340,0","35.140,0","36.000,0","35.140,0","353,21K","0,34%"
"24.09.2015","35.220,0","35.400,0","35.400,0","35.000,0","129,33K","-0,23%"
"23.09.2015","35.300,0","34.660,0","35.480,0","34.660,0","180,63K","1,20%"
"22.09.2015","34.880,0","34.800,0","34.880,0","34.400,0","165,28K","-0,34%"
"21.09.2015","35.000,0","35.580,0","35.580,0","35.000,0","231,58K","-2,56%"
"18.09.2015","35.920,0","35.960,0","35.980,0","35.100,0","194,17K","-0,17%"
"17.09.2015","35.980,0","35.780,0","35.980,0","35.520,0","78,23K","0,50%"
"16.09.2015","35.800,0","35.700,0","35.800,0","35.600,0","182,97K","0,34%"
"15.09.2015","35.680,0","35.100,0","35.700,0","35.000,0","213,80K","1,08%"
"14.09.2015","35.300,0","34.600,0","35.300,0","34.600,0","308,03K","2,02%"
"11.09.2015","34.600,0","34.980,0","34.980,0","34.500,0","43,80K","-0,80%"
"10.09.2015","34.880,0","33.800,0","34.880,0","33.520,0","344,52K","3,07%"
"09.09.2015","33.840,0","34.680,0","34.680,0","33.840,0","85,17K","-1,28%"
"08.09.2015","34.280,0","34.500,0","34.980,0","34.260,0","359,27K","1,12%"
"07.09.2015","33.900,0","34.000,0","34.000,0","33.540,0","123,84K","1,19%"
"04.09.2015","33.500,0","33.940,0","33.940,0","33.320,0","96,16K","-0,89%"
"03.09.2015","33.800,0","33.740,0","34.300,0","33.200,0","376,91K","1,68%"
"02.09.2015","33.240,0","34.200,0","34.340,0","33.240,0","403,15K","-3,43%"
"01.09.2015","34.420,0","34.020,0","34.660,0","33.860,0","273,19K","-2,49%"
"31.08.2015","35.300,0","34.000,0","35.300,0","34.000,0","190,52K","2,92%"
"28.08.2015","34.300,0","33.360,0","34.300,0","33.340,0","204,59K","2,82%"
"27.08.2015","33.360,0","32.860,0","33.580,0","32.600,0","351,34K","3,47%"
"26.08.2015","32.240,0","32.280,0","32.500,0","31.760,0","569,22K","0,00%"
"25.08.2015","32.240,0","33.000,0","33.520,0","32.220,0","141,80K","-0,49%"
"24.08.2015","32.400,0","34.000,0","34.000,0","32.220,0","249,36K","-4,87%"
"21.08.2015","34.060,0","35.000,0","35.500,0","34.060,0","350,09K","-4,06%"
"20.08.2015","35.500,0","35.820,0","35.820,0","35.500,0","228,05K","-1,39%"
"19.08.2015","36.000,0","36.440,0","36.460,0","36.000,0","149,90K","-1,64%"
"18.08.2015","36.600,0","36.240,0","36.600,0","36.160,0","151,61K","0,00%"
"14.08.2015","36.600,0","36.780,0","36.780,0","36.560,0","115,58K","-0,49%"
"13.08.2015","36.780,0","36.440,0","36.800,0","35.980,0","152,70K","0,88%"
"12.08.2015","36.460,0","36.240,0","36.500,0","35.800,0","102,37K","0,16%"
"11.08.2015","36.400,0","36.320,0","36.440,0","36.240,0","68,74K","-0,38%"
"10.08.2015","36.540,0","36.500,0","36.740,0","36.440,0","130,03K","-0,16%"
"06.08.2015","36.600,0","36.200,0","36.600,0","36.200,0","106,53K","0,72%"
"05.08.2015","36.340,0","36.860,0","36.860,0","36.320,0","180,28K","-1,41%"
"04.08.2015","36.860,0","36.680,0","36.860,0","36.600,0","48,72K","0,00%"
"03.08.2015","36.860,0","36.460,0","36.860,0","36.460,0","39,86K","-0,38%"
"31.07.2015","37.000,0","37.000,0","37.060,0","36.300,0","1,01M","0,00%"
"30.07.2015","37.000,0","36.400,0","37.000,0","36.400,0","117,62K","-0,48%"
"29.07.2015","37.180,0","36.200,0","37.180,0","36.160,0","188,36K","2,71%"
"28.07.2015","36.200,0","36.040,0","36.400,0","36.040,0","213,71K","-0,06%"
"27.07.2015","36.220,0","36.220,0","36.220,0","36.000,0","299,83K","0,00%"
"24.07.2015","36.220,0","36.060,0","36.500,0","36.060,0","64,41K","0,00%"
"23.07.2015","36.220,0","36.300,0","36.500,0","36.220,0","87,30K","-0,77%"
"22.07.2015","36.500,0","36.040,0","36.500,0","36.040,0","157,31K","1,28%"
"21.07.2015","36.040,0","36.460,0","36.480,0","35.520,0","234,00K","0,11%"
"17.07.2015","36.000,0","36.700,0","36.720,0","36.000,0","168,53K","-2,54%"
"16.07.2015","36.940,0","37.000,0","37.000,0","36.700,0","2,54M","-0,16%"
"15.07.2015","37.000,0","36.420,0","37.100,0","36.140,0","3,34M","0,82%"
"14.07.2015","36.700,0","36.400,0","36.800,0","36.400,0","39,85K","0,82%"
"13.07.2015","36.400,0","36.400,0","36.520,0","36.380,0","41,72K","0,00%"
"10.07.2015","36.400,0","36.380,0","36.800,0","36.380,0","334,19K","-0,82%"
"09.07.2015","36.700,0","36.900,0","36.900,0","36.660,0","684,75K","0,66%"
"08.07.2015","36.460,0","36.600,0","36.600,0","36.060,0","184,19K","-0,38%"
"07.07.2015","36.600,0","36.560,0","36.700,0","36.540,0","181,07K","-0,38%"
"06.07.2015","36.740,0","36.480,0","36.740,0","36.460,0","220,82K","0,16%"
"03.07.2015","36.680,0","37.340,0","37.340,0","36.660,0","14,08K","-1,77%"
"02.07.2015","37.340,0","37.220,0","37.420,0","37.220,0","255,08K","0,32%"
"01.07.2015","37.220,0","37.000,0","37.220,0","37.000,0","680,27K","0,54%"
"30.06.2015","37.020,0","36.340,0","37.020,0","36.340,0","402,94K","1,87%"
"26.06.2015","36.340,0","36.300,0","36.340,0","35.800,0","143,62K","1,11%"
"25.06.2015","35.940,0","36.740,0","36.740,0","35.940,0","92,53K","-2,18%"
"24.06.2015","36.740,0","36.780,0","37.000,0","36.580,0","140,23K","-0,11%"
"23.06.2015","36.780,0","36.640,0","36.960,0","36.640,0","251,37K","0,66%"
"22.06.2015","36.540,0","36.000,0","36.920,0","35.480,0","117,45K","-0,16%"
"19.06.2015","36.600,0","36.980,0","37.100,0","36.600,0","626,38K","-1,08%"
"18.06.2015","37.000,0","36.920,0","37.000,0","36.840,0","412,08K","0,27%"
"17.06.2015","36.900,0","36.400,0","36.900,0","36.400,0","329,51K","1,60%"
"16.06.2015","36.320,0","36.200,0","36.680,0","35.960,0","459,63K","0,06%"
"12.06.2015","36.300,0","36.180,0","36.340,0","36.140,0","239,11K","0,33%"
"11.06.2015","36.180,0","35.400,0","36.180,0","35.400,0","38,05K","1,46%"
"10.06.2015","35.660,0","35.660,0","35.900,0","35.560,0","188,37K","-0,11%"
"09.06.2015","35.700,0","35.400,0","35.700,0","35.360,0","330,70K","0,56%"
"05.06.2015","35.500,0","34.820,0","35.500,0","34.820,0","209,32K","1,95%"
"04.06.2015","34.820,0","34.400,0","34.820,0","34.300,0","133,06K","1,22%"
"03.06.2015","34.400,0","34.020,0","34.400,0","34.020,0","94,89K","1,12%"
"02.06.2015","34.020,0","34.640,0","34.640,0","34.020,0","75,32K","1,19%"
"01.06.2015","33.620,0","33.540,0","34.000,0","33.540,0","179,46K","-0,59%"
"29.05.2015","33.820,0","33.280,0","34.100,0","33.240,0","525,41K","1,62%"
"28.05.2015","33.280,0","33.860,0","33.860,0","33.200,0","125,84K","-0,12%"
"27.05.2015","33.320,0","34.500,0","34.500,0","33.320,0","195,51K","-3,70%"
"26.05.2015","34.600,0","35.000,0","35.000,0","34.500,0","116,40K","-0,86%"
"25.05.2015","34.900,0","35.020,0","35.020,0","34.720,0","41,39K","-0,34%"
"22.05.2015","35.020,0","35.240,0","35.360,0","35.020,0","77,98K","-0,62%"
"21.05.2015","35.240,0","35.300,0","35.400,0","35.200,0","84,65K","0,11%"
"20.05.2015","35.200,0","36.200,0","37.000,0","35.200,0","96,06K","-2,76%"
"19.05.2015","36.200,0","35.500,0","36.200,0","35.500,0","60,17K","1,97%"
"15.05.2015","35.500,0","35.800,0","35.800,0","35.400,0","33,18K","0,00%"
"14.05.2015","35.500,0","35.860,0","36.000,0","35.500,0","141,98K","-0,11%"
"13.05.2015","35.540,0","35.220,0","35.540,0","35.200,0","63,39K","0,74%"
"12.05.2015","35.280,0","35.700,0","35.700,0","35.060,0","52,43K","-1,56%"
"11.05.2015","35.840,0","35.660,0","36.000,0","35.660,0","76,51K","0,79%"
"08.05.2015","35.560,0","36.000,0","36.060,0","35.560,0","274,83K","-0,11%"
"07.05.2015","35.600,0","37.160,0","37.160,0","35.600,0","64,18K","-4,51%"
"06.05.2015","37.280,0","37.120,0","37.280,0","36.800,0","131,37K","-0,59%"
"05.05.2015","37.500,0","37.200,0","37.500,0","36.900,0","107,00K","0,91%"
"04.05.2015","37.160,0","38.980,0","38.980,0","37.020,0","422,89K","-5,06%"
"30.04.2015","39.140,0","37.140,0","39.140,0","37.140,0","1,82M","5,50%"
"29.04.2015","37.100,0","36.900,0","37.380,0","36.740,0","1,40M","0,43%"
"28.04.2015","36.940,0","36.400,0","36.940,0","36.340,0","1,39M","1,88%"
"27.04.2015","36.260,0","35.660,0","36.400,0","35.660,0","298,46K","1,85%"
"24.04.2015","35.600,0","35.000,0","35.620,0","35.000,0","70,89K","3,19%"
"23.04.2015","34.500,0","34.600,0","35.000,0","34.500,0","91,68K","-0,29%"
"22.04.2015","34.600,0","34.420,0","34.600,0","34.300,0","173,05K","0,00%"
"21.04.2015","34.600,0","35.000,0","35.000,0","34.140,0","105,60K","-1,14%"
"20.04.2015","35.000,0","35.500,0","35.500,0","34.640,0","236,03K","-1,41%"
"17.04.2015","35.500,0","35.240,0","35.500,0","35.020,0","214,69K","-0,45%"
"16.04.2015","35.660,0","35.480,0","35.660,0","35.100,0","146,29K","0,17%"
"15.04.2015","35.600,0","35.660,0","35.700,0","35.600,0","263,72K","0,06%"
"14.04.2015","35.580,0","35.500,0","35.600,0","35.260,0","86,17K","0,23%"
"13.04.2015","35.500,0","35.520,0","35.560,0","35.400,0","64,17K","0,00%"
"10.04.2015","35.500,0","35.520,0","35.560,0","35.300,0","101,40K","-0,06%"
"09.04.2015","35.520,0","35.140,0","35.520,0","35.100,0","102,45K","0,91%"
"08.04.2015","35.200,0","35.200,0","35.300,0","35.020,0","3,13M","-0,28%"
"07.04.2015","35.300,0","34.960,0","35.300,0","34.900,0","1,58M","1,38%"
"06.04.2015","34.820,0","34.200,0","34.820,0","34.200,0","270,34K","1,81%"
"01.04.2015","34.200,0","33.560,0","34.200,0","33.560,0","243,55K","1,91%"
"31.03.2015","33.560,0","33.340,0","33.560,0","33.020,0","385,33K","1,64%"
"30.03.2015","33.020,0","32.960,0","33.020,0","32.840,0","97,13K","0,36%"
"27.03.2015","32.900,0","32.940,0","33.140,0","32.900,0","230,08K","0,00%"
"26.03.2015","32.900,0","32.680,0","33.140,0","32.680,0","789,92K","0,67%"
"25.03.2015","32.680,0","32.100,0","32.680,0","32.080,0","890,81K","1,81%"
"24.03.2015","32.100,0","32.100,0","32.120,0","32.000,0","960,77K","1,52%"
"20.03.2015","31.620,0","32.640,0","32.700,0","31.620,0","691,46K","-2,59%"
"19.03.2015","32.460,0","32.560,0","32.740,0","32.460,0","389,68K","-0,73%"
"18.03.2015","32.700,0","32.740,0","32.740,0","32.480,0","2,76M","-0,12%"
"17.03.2015","32.740,0","32.740,0","32.880,0","32.680,0","136,85K","-0,43%"
"16.03.2015","32.880,0","32.980,0","33.000,0","32.760,0","202,99K","0,06%"
"13.03.2015","32.860,0","32.620,0","33.180,0","32.600,0","203,36K","0,74%"
"12.03.2015","32.620,0","32.460,0","32.740,0","32.260,0","200,65K","1,94%"
"11.03.2015","32.000,0","32.120,0","32.480,0","32.000,0","108,13K","-0,12%"
"10.03.2015","32.040,0","32.020,0","32.580,0","32.000,0","112,10K","-0,62%"
"09.03.2015","32.240,0","32.500,0","32.940,0","32.000,0","123,69K","-1,65%"
"06.03.2015","32.780,0","33.300,0","33.300,0","32.200,0","168,81K","-2,44%"
"05.03.2015","33.600,0","33.680,0","33.680,0","33.360,0","240,43K","0,24%"
"04.03.2015","33.520,0","33.020,0","33.520,0","32.900,0","221,81K","1,51%"
"03.03.2015","33.020,0","33.800,0","33.800,0","32.800,0","202,54K","-2,08%"
"02.03.2015","33.720,0","34.620,0","34.700,0","33.720,0","224,90K","-3,77%"
"27.02.2015","35.040,0","35.000,0","35.320,0","35.000,0","301,45K","0,06%"
"26.02.2015","35.020,0","34.500,0","35.300,0","34.440,0","200,81K","1,51%"
"25.02.2015","34.500,0","34.780,0","34.800,0","34.500,0","78,36K","-0,29%"
"24.02.2015","34.600,0","35.100,0","35.220,0","34.600,0","67,88K","-1,26%"
"23.02.2015","35.040,0","34.560,0","35.040,0","34.520,0","131,79K","1,45%"
"20.02.2015","34.540,0","35.300,0","35.300,0","34.520,0","47,90K","-2,15%"
"19.02.2015","35.300,0","35.480,0","35.580,0","35.300,0","97,04K","-0,84%"
"18.02.2015","35.600,0","35.600,0","35.700,0","35.500,0","228,57K","0,28%"
"17.02.2015","35.500,0","35.300,0","35.580,0","35.300,0","133,26K","0,28%"
"16.02.2015","35.400,0","35.060,0","35.400,0","35.060,0","26,58K","0,11%"
"13.02.2015","35.360,0","34.700,0","35.360,0","34.700,0","109,95K","1,90%"
"12.02.2015","34.700,0","34.500,0","34.700,0","33.840,0","233,65K","0,58%"
"11.02.2015","34.500,0","35.000,0","35.000,0","34.500,0","236,04K","-1,88%"
"10.02.2015","35.160,0","35.700,0","35.700,0","35.160,0","155,88K","-1,68%"
"09.02.2015","35.760,0","35.620,0","35.880,0","35.600,0","168,45K","0,45%"
"06.02.2015","35.600,0","35.660,0","35.660,0","35.360,0","142,92K","0,00%"
"05.02.2015","35.600,0","35.800,0","36.000,0","35.600,0","192,23K","-0,50%"
"04.02.2015","35.780,0","35.700,0","36.000,0","35.600,0","175,54K","0,51%"
"03.02.2015","35.600,0","35.700,0","35.980,0","35.600,0","269,25K","0,06%"
"02.02.2015","35.580,0","35.660,0","35.660,0","35.460,0","89,25K","0,51%"
"30.01.2015","35.400,0","34.780,0","35.400,0","34.780,0","793,33K","1,14%"
"29.01.2015","35.000,0","34.800,0","35.100,0","34.640,0","208,11K","0,57%"
"28.01.2015","34.800,0","34.560,0","35.100,0","34.500,0","391,17K","0,87%"
"27.01.2015","34.500,0","34.800,0","34.820,0","34.480,0","375,79K","-1,15%"
"26.01.2015","34.900,0","35.000,0","35.480,0","34.800,0","552,04K","-0,29%"
"23.01.2015","35.000,0","34.500,0","35.240,0","34.500,0","522,84K","1,74%"
"22.01.2015","34.400,0","34.240,0","34.680,0","34.240,0","450,66K","0,29%"
"21.01.2015","34.300,0","34.520,0","34.580,0","34.220,0","128,12K","-0,46%"
"20.01.2015","34.460,0","34.600,0","34.760,0","34.460,0","86,34K","-0,69%"
"19.01.2015","34.700,0","34.500,0","34.700,0","34.500,0","92,72K","0,58%"
"16.01.2015","34.500,0","34.500,0","34.660,0","34.320,0","320,63K","0,88%"
"15.01.2015","34.200,0","35.200,0","35.200,0","34.200,0","221,21K","-1,16%"
"14.01.2015","34.600,0","35.660,0","35.660,0","34.500,0","561,49K","-2,81%"
"13.01.2015","35.600,0","36.500,0","36.500,0","35.600,0","131,81K","-1,71%"
"09.01.2015","36.220,0","36.820,0","36.820,0","36.220,0","104,73K","-1,63%"
"08.01.2015","36.820,0","36.900,0","36.900,0","36.740,0","38,96K","-0,49%"
"07.01.2015","37.000,0","37.500,0","37.660,0","37.000,0","105,10K","-1,60%"
"06.01.2015","37.600,0","37.820,0","37.820,0","37.600,0","73,91K","-0,58%"
"05.01.2015","37.820,0","38.980,0","38.980,0","37.820,0","80,32K","-4,74%"
"02.01.2015","39.700,0","39.980,0","39.980,0","39.660,0","29,69K","-0,75%"
"30.12.2014","40.000,0","39.900,0","40.100,0","39.780,0","103,73K","0,45%"
"29.12.2014","39.820,0","40.000,0","40.000,0","39.300,0","36,24K","-0,45%"
"26.12.2014","40.000,0","39.880,0","40.000,0","39.880,0","36,90K","-1,28%"
"24.12.2014","40.520,0","40.040,0","41.520,0","40.000,0","66,41K","0,60%"
"23.12.2014","40.280,0","40.280,0","40.880,0","40.000,0","232,05K","0,00%"
"22.12.2014","40.280,0","38.180,0","40.280,0","38.180,0","95,21K","5,45%"
"19.12.2014","38.200,0","37.220,0","39.000,0","37.200,0","215,17K","2,96%"
"18.12.2014","37.100,0","39.000,0","39.000,0","37.100,0","143,05K","-2,37%"
"17.12.2014","38.000,0","36.020,0","38.000,0","36.020,0","286,63K","5,50%"
"16.12.2014","36.020,0","35.420,0","36.200,0","35.000,0","209,51K","1,69%"
"15.12.2014","35.420,0","36.980,0","36.980,0","35.420,0","95,81K","-3,54%"
"12.12.2014","36.720,0","38.500,0","38.500,0","36.720,0","115,17K","-4,62%"
"11.12.2014","38.500,0","39.760,0","39.800,0","38.500,0","185,16K","-3,27%"
"10.12.2014","39.800,0","40.020,0","40.060,0","39.800,0","742,08K","-3,07%"
"09.12.2014","41.060,0","40.000,0","41.060,0","40.000,0","105,43K","2,39%"
"05.12.2014","40.100,0","40.100,0","40.340,0","40.100,0","193,55K","0,00%"
"04.12.2014","40.100,0","40.300,0","40.380,0","40.100,0","127,16K","-0,74%"
"03.12.2014","40.400,0","40.100,0","40.420,0","40.100,0","494,71K","1,00%"
"02.12.2014","40.000,0","40.100,0","41.220,0","40.000,0","431,25K","-1,19%"
"01.12.2014","40.480,0","40.520,0","40.520,0","40.060,0","487,11K","-0,25%"
"28.11.2014","40.580,0","40.500,0","40.600,0","40.500,0","193,05K","0,20%"
"27.11.2014","40.500,0","40.500,0","40.500,0","40.400,0","122,80K","0,00%"
"26.11.2014","40.500,0","40.500,0","40.540,0","40.500,0","304,11K","-0,49%"
"25.11.2014","40.700,0","40.020,0","40.700,0","40.020,0","341,38K","0,15%"
"24.11.2014","40.640,0","40.100,0","40.640,0","40.100,0","135,63K","0,35%"
"21.11.2014","40.500,0","40.640,0","41.000,0","40.300,0","117,56K","-0,25%"
"20.11.2014","40.600,0","40.100,0","40.600,0","40.040,0","212,28K","1,25%"
"19.11.2014","40.100,0","40.160,0","40.600,0","39.700,0","304,51K","-0,25%"
"18.11.2014","40.200,0","40.100,0","40.200,0","39.600,0","186,53K","-0,15%"
"14.11.2014","40.260,0","40.500,0","40.500,0","39.700,0","120,08K","-0,59%"
"13.11.2014","40.500,0","41.580,0","41.580,0","40.420,0","161,31K","-2,60%"
"12.11.2014","41.580,0","41.860,0","41.900,0","41.580,0","190,80K","-0,67%"
"11.11.2014","41.860,0","42.100,0","42.100,0","41.240,0","99,29K","-0,57%"
"10.11.2014","42.100,0","42.000,0","42.480,0","42.000,0","108,82K","0,29%"
"07.11.2014","41.980,0","42.520,0","42.780,0","41.980,0","125,63K","-1,46%"
"06.11.2014","42.600,0","42.240,0","42.760,0","42.240,0","53,18K","0,00%"
"05.11.2014","42.600,0","42.720,0","42.720,0","42.420,0","58,64K","-0,28%"
"04.11.2014","42.720,0","42.760,0","42.800,0","42.640,0","279,59K","-0,14%"
"31.10.2014","42.780,0","42.480,0","42.900,0","41.840,0","388,67K","2,34%"
"30.10.2014","41.800,0","41.300,0","41.980,0","41.300,0","234,32K","1,46%"
"29.10.2014","41.200,0","40.900,0","41.200,0","40.800,0","174,46K","0,05%"
"28.10.2014","41.180,0","40.400,0","41.180,0","40.400,0","160,06K","2,18%"
"27.10.2014","40.300,0","40.120,0","40.320,0","40.120,0","83,15K","-0,05%"
"24.10.2014","40.320,0","40.900,0","41.300,0","40.180,0","273,73K","0,55%"
"23.10.2014","40.100,0","40.120,0","40.160,0","39.900,0","161,99K","0,75%"
"22.10.2014","39.800,0","39.680,0","40.080,0","39.680,0","182,21K","0,30%"
"21.10.2014","39.680,0","39.460,0","39.820,0","39.400,0","254,52K","0,81%"
"20.10.2014","39.360,0","39.620,0","39.620,0","39.360,0","147,36K","0,00%"
"17.10.2014","39.360,0","39.000,0","39.500,0","39.000,0","1,28M","0,66%"
"16.10.2014","39.100,0","38.880,0","39.500,0","38.880,0","381,58K","0,77%"
"15.10.2014","38.800,0","39.980,0","39.980,0","38.780,0","221,55K","-0,05%"
"14.10.2014","38.820,0","39.300,0","39.960,0","38.820,0","108,53K","-2,02%"
"10.10.2014","39.620,0","40.900,0","40.900,0","39.620,0","101,74K","-3,13%"
"09.10.2014","40.900,0","41.220,0","41.300,0","40.900,0","898,26K","-0,78%"
"08.10.2014","41.220,0","41.600,0","41.980,0","41.220,0","198,34K","-1,86%"
"07.10.2014","42.000,0","42.000,0","42.100,0","42.000,0","393,10K","0,00%"
"06.10.2014","42.000,0","40.940,0","42.040,0","40.940,0","185,85K","2,74%"
"03.10.2014","40.880,0","39.900,0","40.880,0","39.900,0","166,74K","3,76%"
"02.10.2014","39.400,0","39.400,0","40.400,0","39.300,0","142,55K","0,25%"
"01.10.2014","39.300,0","40.520,0","40.800,0","39.300,0","179,77K","-3,30%"
"30.09.2014","40.640,0","41.200,0","41.220,0","40.640,0","99,73K","-1,36%"
"29.09.2014","41.200,0","41.100,0","41.200,0","41.000,0","64,24K","0,15%"
"26.09.2014","41.140,0","40.360,0","41.700,0","40.360,0","99,41K","0,54%"
"25.09.2014","40.920,0","40.920,0","40.940,0","40.900,0","76,44K","0,05%"
"24.09.2014","40.900,0","42.200,0","42.220,0","40.900,0","157,49K","-2,62%"
"23.09.2014","42.000,0","42.460,0","43.300,0","42.000,0","139,48K","-3,67%"
"22.09.2014","43.600,0","43.500,0","43.600,0","42.800,0","35,66K","-0,23%"
"19.09.2014","43.700,0","43.900,0","44.800,0","43.700,0","225,95K","-0,23%"
"18.09.2014","43.800,0","42.820,0","43.800,0","42.820,0","64,85K","1,01%"
"17.09.2014","43.360,0","42.600,0","43.360,0","42.600,0","163,62K","1,78%"
"16.09.2014","42.600,0","42.780,0","43.000,0","42.520,0","344,80K","-0,42%"
"15.09.2014","42.780,0","42.200,0","43.000,0","42.200,0","109,20K","-0,05%"
"12.09.2014","42.800,0","43.360,0","43.400,0","42.620,0","171,43K","-1,29%"
"11.09.2014","43.360,0","43.880,0","43.880,0","43.360,0","200,25K","-1,19%"
"10.09.2014","43.880,0","43.920,0","43.920,0","43.300,0","177,42K","-0,18%"
"09.09.2014","43.960,0","43.520,0","43.960,0","43.480,0","215,53K","-0,05%"
"08.09.2014","43.980,0","43.980,0","44.000,0","43.540,0","122,16K","0,00%"
"05.09.2014","43.980,0","44.000,0","44.000,0","43.520,0","180,67K","-0,05%"
"04.09.2014","44.000,0","44.300,0","44.400,0","44.000,0","97,80K","-0,68%"
"03.09.2014","44.300,0","44.000,0","44.300,0","44.000,0","82,98K","0,68%"
"02.09.2014","44.000,0","44.100,0","44.300,0","44.000,0","116,69K","-0,45%"
"01.09.2014","44.200,0","44.000,0","44.300,0","44.000,0","96,53K","0,23%"
"29.08.2014","44.100,0","43.500,0","44.100,0","43.440,0","225,03K","1,38%"
"28.08.2014","43.500,0","43.500,0","43.560,0","43.320,0","697,87K","0,00%"
"27.08.2014","43.500,0","43.220,0","43.500,0","43.200,0","114,60K","0,46%"
"26.08.2014","43.300,0","43.200,0","43.300,0","43.200,0","334,79K","-0,41%"
"25.08.2014","43.480,0","43.460,0","43.480,0","43.020,0","167,88K","-0,05%"
"22.08.2014","43.500,0","43.500,0","43.520,0","43.200,0","104,60K","0,00%"
"21.08.2014","43.500,0","43.220,0","43.500,0","43.020,0","95,07K","0,42%"
"20.08.2014","43.320,0","42.700,0","43.320,0","42.700,0","152,06K","1,45%"
"19.08.2014","42.700,0","42.420,0","42.700,0","42.420,0","126,23K","0,95%"
"15.08.2014","42.300,0","42.480,0","42.480,0","42.120,0","58,23K","-0,47%"
"14.08.2014","42.500,0","42.500,0","42.500,0","41.400,0","230,41K","0,00%"
"13.08.2014","42.500,0","42.200,0","42.660,0","42.180,0","584,42K","-0,70%"
"12.08.2014","42.800,0","42.640,0","43.780,0","42.640,0","1,67M","-2,51%"
"11.08.2014","43.900,0","41.780,0","43.900,0","41.700,0","277,31K","5,02%"
"08.08.2014","41.800,0","41.780,0","41.960,0","41.400,0","64,56K","-0,05%"
"06.08.2014","41.820,0","41.600,0","41.940,0","41.600,0","162,57K","-0,43%"
"05.08.2014","42.000,0","41.560,0","42.000,0","41.200,0","173,63K","1,16%"
"04.08.2014","41.520,0","41.100,0","41.560,0","40.980,0","58,27K","1,22%"
"01.08.2014","41.020,0","41.800,0","41.800,0","40.800,0","1,03M","-1,87%"
"31.07.2014","41.800,0","41.500,0","41.800,0","40.800,0","3,87M","0,92%"
"30.07.2014","41.420,0","41.100,0","41.500,0","41.100,0","294,11K","0,78%"
"29.07.2014","41.100,0","40.700,0","41.100,0","40.620,0","1,37M","0,98%"
"28.07.2014","40.700,0","40.100,0","41.200,0","40.100,0","821,50K","1,75%"
"25.07.2014","40.000,0","39.640,0","40.020,0","39.620,0","587,57K","1,01%"
"24.07.2014","39.600,0","39.580,0","39.700,0","39.520,0","174,29K","0,15%"
"23.07.2014","39.540,0","39.700,0","39.700,0","39.540,0","81,65K","-0,40%"
"22.07.2014","39.700,0","39.400,0","39.700,0","39.300,0","300,68K","0,86%"
"21.07.2014","39.360,0","39.300,0","39.380,0","39.300,0","84,83K","-0,61%"
"18.07.2014","39.600,0","39.640,0","39.680,0","39.100,0","130,11K","-0,10%"
"17.07.2014","39.640,0","39.820,0","39.820,0","39.240,0","209,12K","0,35%"
"16.07.2014","39.500,0","39.500,0","39.780,0","39.500,0","598,63K","0,77%"
"15.07.2014","39.200,0","39.320,0","39.760,0","38.920,0","251,70K","-0,76%"
"14.07.2014","39.500,0","39.580,0","39.860,0","39.500,0","203,56K","-0,20%"
"11.07.2014","39.580,0","39.240,0","39.580,0","39.240,0","97,88K","0,71%"
"10.07.2014","39.300,0","39.800,0","39.880,0","39.300,0","1,87M","-1,70%"
"09.07.2014","39.980,0","40.040,0","40.200,0","39.860,0","92,19K","-0,15%"
"08.07.2014","40.040,0","39.740,0","40.040,0","39.740,0","481,56K","0,65%"
"07.07.2014","39.780,0","39.900,0","40.000,0","39.700,0","697,77K","-0,50%"
"04.07.2014","39.980,0","39.700,0","39.980,0","39.520,0","18,05K","0,05%"
"03.07.2014","39.960,0","39.860,0","39.960,0","39.360,0","1,16M","0,15%"
"02.07.2014","39.900,0","39.900,0","39.900,0","39.720,0","748,90K","-0,25%"
"01.07.2014","40.000,0","39.720,0","40.000,0","39.700,0","615,78K","0,25%"
"27.06.2014","39.900,0","39.820,0","39.900,0","39.820,0","123,28K","0,00%"
"26.06.2014","39.900,0","39.800,0","39.900,0","39.600,0","114,81K","0,20%"
"25.06.2014","39.820,0","39.980,0","39.980,0","39.800,0","111,34K","-0,45%"
"24.06.2014","40.000,0","39.600,0","40.000,0","39.600,0","254,03K","0,35%"
"20.06.2014","39.860,0","39.600,0","39.860,0","39.600,0","179,44K","0,71%"
"19.06.2014","39.580,0","39.600,0","39.600,0","39.300,0","42,47K","0,20%"
"18.06.2014","39.500,0","39.200,0","39.500,0","39.000,0","69,79K","0,25%"
"17.06.2014","39.400,0","39.500,0","39.500,0","38.900,0","165,01K","-0,25%"
"16.06.2014","39.500,0","39.500,0","39.760,0","39.500,0","55,25K","-0,45%"
"13.06.2014","39.680,0","39.500,0","39.800,0","39.500,0","193,94K","-0,30%"
"12.06.2014","39.800,0","39.600,0","39.800,0","39.520,0","216,86K","0,25%"
"11.06.2014","39.700,0","39.120,0","39.700,0","39.100,0","277,97K","-0,20%"
"10.06.2014","39.780,0","38.840,0","39.780,0","38.840,0","376,55K","2,42%"
"09.06.2014","38.840,0","38.600,0","38.940,0","38.600,0","149,43K","0,62%"
"06.06.2014","38.600,0","38.800,0","38.900,0","38.600,0","182,07K","-0,21%"
"05.06.2014","38.680,0","38.880,0","38.880,0","38.660,0","43,65K","-0,77%"
"04.06.2014","38.980,0","39.000,0","39.000,0","38.800,0","577,30K","-0,05%"
"03.06.2014","39.000,0","38.300,0","39.000,0","38.300,0","831,84K","1,83%"
"30.05.2014","38.300,0","38.280,0","38.300,0","37.400,0","431,53K","0,00%"
"29.05.2014","38.300,0","38.300,0","38.300,0","37.820,0","169,43K","0,00%"
"28.05.2014","38.300,0","38.100,0","38.300,0","38.100,0","609,66K","0,31%"
"27.05.2014","38.180,0","38.000,0","38.240,0","38.000,0","204,94K","0,53%"
"26.05.2014","37.980,0","37.760,0","37.980,0","37.580,0","53,74K","0,16%"
"23.05.2014","37.920,0","37.680,0","37.920,0","37.500,0","98,61K","0,64%"
"22.05.2014","37.680,0","37.800,0","37.900,0","37.680,0","99,54K","-1,15%"
"21.05.2014","38.120,0","37.500,0","38.120,0","37.500,0","98,64K","1,65%"
"20.05.2014","37.500,0","38.420,0","38.500,0","37.500,0","310,29K","-3,80%"
"19.05.2014","38.980,0","38.680,0","38.980,0","38.320,0","199,73K","0,46%"
"16.05.2014","38.800,0","37.700,0","38.800,0","37.500,0","297,77K","2,11%"
"15.05.2014","38.000,0","38.360,0","38.360,0","37.700,0","243,73K","-1,66%"
"14.05.2014","38.640,0","38.540,0","38.640,0","38.500,0","57,80K","-0,62%"
"13.05.2014","38.880,0","38.300,0","38.880,0","38.300,0","128,81K","0,99%"
"12.05.2014","38.500,0","38.100,0","38.500,0","38.020,0","153,35K","1,05%"
"09.05.2014","38.100,0","38.000,0","38.200,0","38.000,0","421,84K","-0,21%"
"08.05.2014","38.180,0","38.000,0","38.300,0","38.000,0","180,64K","-0,05%"
"07.05.2014","38.200,0","37.960,0","38.300,0","37.960,0","173,18K","0,63%"
"06.05.2014","37.960,0","37.540,0","37.960,0","37.540,0","25,52K","1,12%"
"05.05.2014","37.540,0","37.940,0","38.000,0","37.540,0","280,30K","-1,00%"
"02.05.2014","37.920,0","37.700,0","37.920,0","37.700,0","450,83K","0,37%"